Business Name,Profile,Phone Number,Address,Website,Rating,Review Count,Catagories,Neighborhoods,Extra Phones,e-mail,Other Links,Social Media
LemonBuyBack.com-Law Offices of Jon Jacobs,https://www.yellowpages.com/nationwide/mip/lemonbuyback-com-law-offices-of-jon-jacobs-470783520?lid=1001872303331,Not Listed,Not Available,Not Available,0.0,0,New Car Dealers,"Chesterfield Square, Congress Central, South LA, Congress West, Leimert Park","Phone:(323) 293-6850
Phone:(323) 293-0977
Fax:(323) 293-6850",http://www.info@lincolnucc.org,"http://www.lincolnucc.org
https://lincolnucc.org/staff-4/contact-us",Not Listed
LemonBuyBack.com-Law Offices of Jon Jacobs,https://www.yellowpages.com/nationwide/mip/lemonbuyback-com-law-offices-of-jon-jacobs-470783520?lid=1001872303331,(916) 626-4164,Not Available,http://lemonbuyback.com,5.0,10,"Automobile Body Repairing & Painting, Auto Repair & Service, Automobile Electric Service, New Car Dealers, Windshield Repair","North Hollywood North East, South Valley",Not Listed,http://www.G.David@autobahncenter.com,http://www.autobahncenter.com,Not Listed
El Cajon Ford,https://www.yellowpages.com/el-cajon-ca/mip/el-cajon-ford-22906870?lid=1002106074440,(619) 333-8825,"1595 E Main St, El Cajon, CA 92021",http://www.elcajonford.com,5.0,43,"Automobile Parts & Supplies, Auto Repair & Service, Automobile Accessories, New Car Dealers, New Truck Dealers, Used Car Dealers, Used Truck Dealers","Hollywood Hills West, Central LA","Phone:(310) 271-3476
Phone:(310) 274-3476
Phone:(213) 689-6969
Fax:(818) 753-2565
Sales:(866) 612-9413
Service:(866) 245-8623",Not Listed,http://www.universalcitynissan.com,Not Listed
Jaguar Coventry Cars of San Diego,https://www.yellowpages.com/san-diego-ca/mip/jaguar-coventry-cars-of-san-diego-3143473?lid=1000088497242,(619) 297-9393,"5097 Santa Fe St, San Diego, CA 92109",http://www.coventryjaguar.com,4.5,3,"Automobile & Truck Brokers, Automobile Parts & Supplies, New Car Dealers",Rosemead,Not Listed,Not Listed,Not Listed,Not Listed
Allied Auto Works,https://www.yellowpages.com/los-altos-ca/mip/allied-auto-works-4463797?lid=1002106936481,(650) 209-6897,"2073 Grant Rd, Los Altos, CA 94024",http://www.alliedautoworks.com,0.0,0,New Car Dealers,Tustin,Not Listed,Not Listed,Not Listed,Not Listed
Rector Motor Car Company,https://www.yellowpages.com/burlingame-ca/mip/rector-motor-car-company-464612187?lid=171733719,(650) 897-5087,"1010 Cadillac Way, Burlingame, CA 94010",http://www.rectormotors.com,5.0,3,"Used Car Dealers, New Car Dealers",Not Listed,Phone:(805) 643-1111,Not Listed,Not Listed,Not Listed
Connell Chevrolet,https://www.yellowpages.com/costa-mesa-ca/mip/connell-chevrolet-464645997?lid=1002104579496,(714) 581-8105,"2828 Harbor Blvd, Costa Mesa, CA 92626",http://www.connellchevrolet.com,4.0,5,"New Car Dealers, Used Car Dealers","Highland Park, East LA",Not Listed,Not Listed,Not Listed,Not Listed
Goudy Honda,https://www.yellowpages.com/alhambra-ca/mip/goudy-honda-475492226?lid=1001780231727,(323) 212-5571,"1400 W Main St, Alhambra, CA 91801",http://www.goudyhonda.com/,5.0,23,"New Car Dealers, Auto Repair & Service","Westside Costa Mesa, Costa Mesa",Not Listed,Not Listed,Not Listed,Not Listed
California Auto Buyers,https://www.yellowpages.com/los-angeles-ca/mip/california-auto-buyers-480269236?lid=1002121944714,(323) 596-7189,"2151 East Manchester Avenue, Los Angeles, CA 90001",http://www.californiausedcarbuyers.com,0.0,0,New Car Dealers,"Westside Costa Mesa, Costa Mesa",Not Listed,Not Listed,Not Listed,Not Listed
"Thurston Auto Plaza Chevrolet, Toyota, Honda, Chrysler Dodge Jeep Ram",https://www.yellowpages.com/ukiah-ca/mip/thurston-auto-plaza-chevrolet-toyota-honda-chrysler-dodge-jeep-ram-488956742?lid=1002082302167,(707) 376-9263,"2800 N State St, Ukiah, CA 95482",https://thurstonautoplaza.com,0.0,0,"New Car Dealers, Automobile Body Repairing & Painting, Tire Dealers",Not Listed,Not Listed,"http://www.salesteam@wittmeier.com
http://www.207515@honda.carpoint.msn.com","http://automobiles.honda.com/tools/dealer-locator/results.aspx?cs=2&dealer=207515
http://www.wittmeier.com",Not Listed
Independent Volvo Saab Jeep & Subaru,https://www.yellowpages.com/san-diego-ca/mip/independent-volvo-saab-jeep-subaru-550462012?lid=1000099155471,(858) 457-5133,"5824 Autoport Mall, San Diego, CA 92121",http://www.6dfc5110674a4fb893746b964cdd0d66.sites.yp.com,0.0,0,"Automobile & Truck Brokers, New Car Dealers",Mission-Garin,Not Listed,http://www.cesatico-al@trucksunlimited.com,http://carsunlimitedonline.com,Not Listed
RS Auto Broker LLC,https://www.yellowpages.com/walnut-ca/mip/rs-auto-broker-llc-558468014?lid=1002108320594,(909) 610-8707,"20199 Valley Blvd. Suite B, Walnut, CA 91789",https://rsautobroker.com,0.0,0,New Car Dealers,Not Listed,Not Listed,Not Listed,Not Listed,Not Listed
Cash for Cars San Diego,https://www.yellowpages.com/san-diego-ca/mip/cash-for-cars-san-diego-571476105?lid=1002135263852,(619) 937-3784,Not Available,http://cashforcarssandiego.net,0.0,0,"Used Car Dealers, New Car Dealers",Not Listed,"Phone:(209) 549-9430
Phone:(209) 422-3831
Phone:(209) 544-9676
Fax:(209) 549-9430",http://www.loreyesautos1@gmail.com,http://losaltosautosales.wix.com/jdeanda,Not Listed
THURSTON AUTO Corporations,https://www.yellowpages.com/ukiah-ca/mip/thurston-auto-corporations-5766378?lid=171606130,(707) 462-8817,"2800 N State St, Ukiah, CA 95482",http://www.thurstonautoplaza.com,0.0,0,"Automobile Parts & Supplies, Auto Repair & Service, Automobile Accessories, Automobile Inspection Stations & Services, New Car Dealers, New Truck Dealers, Used Car Dealers",Not Listed,Not Listed,http://www.valleyford2012@gmail.com,Not Listed,Not Listed
Independent Volvo Saab Jeep & Subaru,https://www.yellowpages.com/san-diego-ca/mip/independent-volvo-saab-jeep-subaru-880506?lid=1002104087236,(858) 250-0251,"5824 Autoport Mall, San Diego, CA 92121",http://www.volvosaabjeeprepairsd.com,5.0,1,New Car Dealers,Not Listed,Not Listed,Not Listed,Not Listed,Not Listed
Johnson Marine & Supplies Inc,https://www.yellowpages.com/ontario-ca/mip/johnson-marine-supplies-inc-1444254?lid=1002106063315,(909) 986-1189,"1237 W Holt Blvd, Ontario, CA 91762",http://www.johnson-marine.com,0.0,0,"New Car Dealers, Used Car Dealers",Not Listed,Not Listed,Not Listed,http://motorcarsinc.net,Not Listed
Rice Race Cars,https://www.yellowpages.com/hayward-ca/mip/rice-race-cars-15880596?lid=1000997504970,(510) 538-1500,"20914 Locust St, Hayward, CA 94541",http://www.ricecars.com,0.0,0,"Used Car Dealers, Auto Repair & Service, New Car Dealers",Not Listed,Phone:(209) 466-1432,Not Listed,Not Listed,Not Listed
Taps Truck & Auto Accessories,https://www.yellowpages.com/paso-robles-ca/mip/taps-truck-auto-accessories-22906814?lid=1002109703686,(805) 226-8277,"1207 13th St, Paso Robles, CA 93446",Not Available,0.0,0,"New Car Dealers, Used Car Dealers",Garden Grove,Not Listed,Not Listed,Not Listed,Not Listed
Corning Ford,https://www.yellowpages.com/corning-ca/mip/corning-ford-452212758?lid=1000004861925,(530) 586-3194,"2280 Short Dr, Corning, CA 96021",http://www.corningford.com,2.5,3,"Used Car Dealers, New Car Dealers",Not Listed,"Phone:(714) 595-1589
Phone:(760) 369-6756",Not Listed,Not Listed,Not Listed
California Auto Wrecking Inc - Nissan Place,https://www.yellowpages.com/sun-valley-ca/mip/california-auto-wrecking-inc-nissan-place-458959621?lid=1000287178119,(800) 754-4444,"9365 Glenoaks Blvd, Sun Valley, CA 91352",http://californiaautowrecking.com/,4.0,4,New Car Dealers,"East LA, Lincoln Heights",Not Listed,Not Listed,Not Listed,Not Listed
Steves  Chevrolet Oakdale,https://www.yellowpages.com/chowchilla-ca/mip/steves-chevrolet-oakdale-461704544?lid=1001483009878,(559) 884-5811,"1 Auto Park Dr, Chowchilla, CA 93610",http://www.steveschevroletchowchilla.com/,0.0,0,"Auto Repair & Service, Fuel Injection Repair, New Car Dealers","West Los Angeles, Sunset Park",Phone:(310) 450-2291,http://www.cris1124roses@yahoo.com,Not Listed,Not Listed
Ford Sanderson Healdsburg,https://www.yellowpages.com/healdsburg-ca/mip/ford-sanderson-healdsburg-466781813?lid=1000281120860,(707) 433-3318,"453 Healdsburg Ave, Healdsburg, CA 95448",http://www.wcsandersonford.com,0.0,0,"New Car Dealers, Used Car Dealers",Arden - Arcade,Not Listed,Not Listed,Not Listed,Not Listed
Gabriel's Automotive & Towing,https://www.yellowpages.com/chino-ca/mip/gabriels-automotive-towing-467067914?lid=194311965,(909) 342-6988,"13654 Central Ave, Chino, CA 91710",http://www.gabrielsautoca.com,5.0,14,"New Car Dealers, Used Car Dealers",Not Listed,Fax:(209) 838-2862,"http://www.david@tomhillierford.com
http://www.tom.hillier@tomhillierford.com",http://tomhillierford.com,Not Listed
Bonander Buick GMC,https://www.yellowpages.com/turlock-ca/mip/bonander-buick-gmc-467859149?lid=1001571493179,(209) 417-5079,"231 S Center St, Turlock, CA 95380",http://www.bonanderBuickgmc.com,0.0,0,New Car Dealers,Not Listed,Not Listed,Not Listed,http://cadillacdesigns.com,Not Listed
Airdraulics,https://www.yellowpages.com/north-hollywood-ca/mip/airdraulics-472864611?lid=1000910241339,(888) 409-7911,"13261 Saticoy St, North Hollywood, CA 91605",http://www.airdraulicsinc.com/,0.0,0,"New Car Dealers, Auto Repair & Service, Used Car Dealers","Southside Park, Central Sacramento",Not Listed,Not Listed,http://www.weslashervw.com,Not Listed
Team Nissan,https://www.yellowpages.com/oxnard-ca/mip/team-nissan-474008974?lid=1000297841315,(805) 351-8924,"1801 Auto Center Dr, Oxnard, CA 93036",http://www.teamnissandirect.com,0.0,0,New Car Dealers,Not Listed,"Phone:(530) 674-2000
Phone:(530) 674-8951",http://www.pat@dowlewismotors.com,http://www.dowlewisbuickgmc.com,Not Listed
Firestone Complete Auto Care,https://www.yellowpages.com/campbell-ca/mip/firestone-complete-auto-care-480050256?lid=1002139803466,(408) 614-0055,"2120 Winchester Blvd, Campbell, CA 95008",http://local.firestonecompleteautocare.com/california/campbell/2120-winchester-blvd/?lw_cmp=IYP_DEX_ESS_598763,0.0,0,"Automobile Transporters, New Car Dealers",Vernon,Not Listed,Not Listed,http://www.reliable-transportation.com,Not Listed
A Plus Ford & Chevy Auto Dismantler,https://www.yellowpages.com/los-angeles-ca/mip/a-plus-ford-chevy-auto-dismantler-480264307?lid=1001978414847,(323) 585-1551,"5515 Duarte St, Los Angeles, CA 90058",https://www.aplusfordandchevy.com,0.0,0,"Automobile Parts & Supplies, Automobile Body Repairing & Painting, New Car Dealers","Central LA, Wilshire Center - Koreatown",Phone:(213) 739-1653,Not Listed,Not Listed,Not Listed
Red Bluff Dodge Chrysler Jeep Ram,https://www.yellowpages.com/red-bluff-ca/mip/red-bluff-dodge-chrysler-jeep-ram-483316831?lid=1001124014433,(530) 727-5142,"545 Adobe Rd, Red Bluff, CA 96080",http://www.redbluffdodgechryslerjeepram.com,0.0,0,New Car Dealers,Bixby Knolls,"Phone:(562) 317-5555
Phone:(562) 988-0130
Fax:(562) 988-0138
TollFree:(877) 736-4187
TollFree:(800) 540-2582",http://www.julieabrego@me.com,http://electriccarsalesandservice.com,Not Listed
Corning Ford,https://www.yellowpages.com/corning-ca/mip/corning-ford-510440451?lid=1001124020896,(530) 586-3211,"2280 Short Dr, Corning, CA 96021",http://www.corningford.com,0.0,0,"New Car Dealers, Automobile Leasing, Used Car Dealers",Not Listed,Not Listed,Not Listed,Not Listed,Not Listed
Ratchet Automotive,https://www.yellowpages.com/sacramento-ca/mip/ratchet-automotive-545848449?lid=1002071189014,(916) 800-1550,"8260 Alpine Ave Ste D, Sacramento, CA 95826",https://www.ratchetautomotive.com,0.0,0,"New Car Dealers, Auto Body Parts, Auto Repair & Service, Automobile Parts & Supplies, Used Car Dealers",Not Listed,Not Listed,http://www.crohrs@victorydealergroup.com,http://www.victorychevy.com,Not Listed
El Cajon Ford,https://www.yellowpages.com/el-cajon-ca/mip/el-cajon-ford-550046463?lid=171702728,(619) 937-3569,"1595 E Main St, El Cajon, CA 92021",http://www.elcajonford.com,0.0,0,"Locks & Locksmiths, Keys, Locks & Locksmiths-Commercial & Industrial, Locksmith Referral Service, Locksmiths Equipment & Supplies, New Car Dealers, Safes & Vaults-Opening & Repairing",North Bayshore,Fax:(650) 425-6065,Not Listed,http://www.mountainviewlocksmithstore.com,Not Listed
Connell Chevrolet,https://www.yellowpages.com/costa-mesa-ca/mip/connell-chevrolet-550458691?lid=179889691,(714) 866-5164,"2828 Harbor Blvd, Costa Mesa, CA 92626",http://www.connellchevrolet.com/?utm_source=YP.com_2BNetwork&utm_medium=YP.com_2BNetwork&utm_campaign=YP.com_2BNetwork,0.0,0,"New Car Dealers, Auto Insurance, Auto Repair & Service, Boat & Marine Insurance, Homeowners Insurance, Insurance, Insurance Consultants & Analysts, Motorcycle Insurance, New Truck Dealers, Property & Casualty Insurance, Renters Insurance, Used Car Dealers",Not Listed,Not Listed,http://www.thomasnokes@allstate.com,http://www.antiochscion.com,Not Listed
Bonander Auto Truck & Trailer Group,https://www.yellowpages.com/nationwide/mip/bonander-auto-truck-trailer-group-6787083?lid=1000435841542,(209) 632-8871,Not Available,http://www.bonanderauto.com,0.0,0,"New Car Dealers, Auto Repair & Service, Automobile Accessories, Automobile Diagnostic Service, Automobile Parts & Supplies, Brake Repair, Tire Dealers, Truck Equipment & Parts, Used Car Dealers",Not Listed,Internet Sales:(530) 249-6339,http://www.michaeltucker.orodamautocenter@live.com,http://www.orodamautocenter.com,Not Listed
Ace Auto Parts,https://www.yellowpages.com/huntington-beach-ca/mip/ace-auto-parts-14001357?lid=1002004425626,(714) 964-2000,"8845 Adams Ave, Huntington Beach, CA 92646",http://aceautohb.com,5.0,1,"Towing, Auto Repair & Service, Automobile Inspection Stations & Services, Automobile Salvage, Automotive Roadside Service, New Car Dealers, Used & Rebuilt Auto Parts, Used Car Dealers",Not Listed,"Phone:(530) 533-1654
Primary Phone:(530) 533-1654
Phone:(530) 533-1653","http://www.abcnickspioneertow@sbcglobal.net
http://www.thomas_t@yahoo.com",http://nicksautosales.com,Not Listed
Rick's; Japanese Car Care,https://www.yellowpages.com/thousand-oaks-ca/mip/ricks-japanese-car-care-450871316?lid=1002004394243,(805) 373-9895,"37 Taylor Ct, Thousand Oaks, CA 91360",http://ricksjapanese.us,5.0,2,New Car Dealers,Not Listed,Not Listed,http://www.nissan@firstautogroup.com,http://www.1stkia.com,https://www.facebook.com/firstkia
Champion  Chevrolet,https://www.yellowpages.com/reno-nv/mip/champion-chevrolet-456070091?lid=1002117654724,(775) 437-1266,Not Available,http://www.championchevroletreno.com?cs:pro=yext,5.0,93,New Car Dealers,Not Listed,Not Listed,http://www.jcraft@firstautogroup.com,http://www.1sthonda.com,"http://www.facebook.com/firsthonda
https://twitter.com/firsthondasimi
http://www.yelp.com/biz/first-auto-group-simi-valley"
Lexus Carlsbad,https://www.yellowpages.com/carlsbad-ca/mip/lexus-carlsbad-10003632?lid=1001568934533,(760) 683-8289,"5444 Paseo Del Norte, Carlsbad, CA 92008",http://www.lexuscarlsbad.com,4.5,5,"New Car Dealers, New Truck Dealers, Used Car Dealers, Used Truck Dealers",Not Listed,Phone:(831) 444-8888,http://www.MyChevrolet@newsales.leads.cmdlr.com,"http://www.mycars.com
http://www.mykia.com",Not Listed
Volkswagen Independent Repair,https://www.yellowpages.com/walnut-ca/mip/volkswagen-independent-repair-1495645?lid=1001780201363,(909) 345-5384,"3920 Valley Blvd, Ste E, Walnut, CA 91789",Not Available,0.0,0,"New Car Dealers, Auto Repair & Service, Automobile Parts & Supplies, Truck Equipment & Parts, Used Car Dealers, Used Truck Dealers","Central Colma, Colma",Not Listed,"http://www.pverducci@serramonteford.com
http://www.stabar@vtaig.com",https://www.serramonteford.com,Not Listed
Walnut Creek Car Wash,https://www.yellowpages.com/walnut-creek-ca/mip/walnut-creek-car-wash-17169815?lid=1001911146022,(925) 946-9396,"2965 N Main St, Walnut Creek, CA 94597",http://www.walnutcreek-carwash.com,5.0,1,"Used Car Dealers, Auto Repair & Service, Brake Repair, New Car Dealers",Not Listed,Not Listed,Not Listed,Not Listed,Not Listed
Cerritos Auto Square,https://www.yellowpages.com/cerritos-ca/mip/cerritos-auto-square-21956953?lid=171716396,(877) 673-6186,"18827 Studebaker Rd, Cerritos, CA 90703",http://www.browningautogroup.com,5.0,1,"New Car Dealers, Air Conditioning Contractors & Systems, Air Conditioning Service & Repair, Auto Oil & Lube, Auto Repair & Service, Auto Transmission, Automobile Air Conditioning Equipment, Automobile Inspection Stations & Services, Automobile Parts & Supplies, Brake Repair, Engine Rebuilding & Exchange, Used Car Dealers",Larkey Park Area,Not Listed,http://www.joes4n@pacbell.net,http://www.joesforeignautomotive.com,Not Listed
Paso Robles Ford,https://www.yellowpages.com/paso-robles-ca/mip/paso-robles-ford-4042943?lid=1000519690028,(805) 239-3673,"2401 Oakwood St, Paso Robles, CA 93446",http://www.pasoroblesford.com,0.0,0,"New Car Dealers, Air Conditioning Contractors & Systems, Air Conditioning Service & Repair, Auto Oil & Lube, Auto Repair & Service, Automobile Air Conditioning Equipment, Automobile Diagnostic Service, Automobile Parts & Supplies, Used Car Dealers",Greenleaf Industrial Park,Fax:(209) 545-4674,http://www.motormotion@integrity.com,http://www.motormotionauto.com,Not Listed
Jim Vreeland Ford,https://www.yellowpages.com/buellton-ca/mip/jim-vreeland-ford-4482449?lid=1002100938439,(866) 963-4491,"340 E Highway 246, Buellton, CA 93427",http://www.jimvreelandford.com,4.0,4,"Auto Repair & Service, Air Conditioning Contractors & Systems, Air Conditioning Service & Repair, Auto Oil & Lube, Auto Transmission, Automobile Air Conditioning Equipment, Automobile Parts & Supplies, Brake Repair, Engine Rebuilding & Exchange, New Car Dealers, Used Car Dealers",Not Listed,Not Listed,http://www.mick@german-motors-autos.com,https://german-motors-autos.com,Not Listed
Toyota Carlsbad,https://www.yellowpages.com/carlsbad-ca/mip/toyota-carlsbad-458022713?lid=1001568934530,(442) 232-2263,"5424 Paseo Del Norte, Carlsbad, CA 92008",http://www.toyotacarlsbad.com,4.0,16,"New Car Dealers, Auto Repair & Service, Automobile Parts & Supplies, Used Car Dealers",Gardena,"Fax:(310) 329-0246
TollFree:(800) 506-4772",http://www.carlos@gardenanissan.com,http://www.nissanusa.com,"http://www.facebook.com/pages/gardena-nissan/194686357238234
http://twitter.com/gardenanissan"
Toyota/Scion of Orange,https://www.yellowpages.com/orange-ca/mip/toyota-scion-of-orange-461721664?lid=1001747442538,(657) 223-5055,"1400 N Tustin St, Orange, CA 92867",http://www.toyotaoforange.com,0.0,0,"New Car Dealers, Computer & Equipment Dealers, Used Car Dealers",Not Listed,Not Listed,Not Listed,Not Listed,Not Listed
South Coast Toyota,https://www.yellowpages.com/costa-mesa-ca/mip/south-coast-toyota-464906216?lid=1001973348150,(855) 968-2594,"1966 Harbor Blvd, Costa Mesa, CA 92627",http://southcoasttoyota.com,0.0,0,"New Car Dealers, All-Terrain Vehicles, Motorcycle Dealers, Motorcycles & Motor Scooters-Parts & Supplies, Motorcycles & Motor Scooters-Repairing & Service, Utility Vehicles-Sports & ATV's",Not Listed,Not Listed,Not Listed,https://www.redbluffmotorsports.com,Not Listed
Specialized Auto Inc,https://www.yellowpages.com/santa-cruz-ca/mip/specialized-auto-inc-468420489?lid=1001978655982,(831) 462-3458,"2415 Chanticleer Ave, Santa Cruz, CA 95062",http://www.specializedautos.com,5.0,1,"New Car Dealers, Auto Oil & Lube, Auto Repair & Service, Auto Transmission, Automobile Accessories, Automobile Body Repairing & Painting, Automobile Consultants, Automobile Leasing, Automobile Parts & Supplies, Automobile Parts, Supplies & Accessories-Wholesale & Manufacturers, Contract Manufacturing, New Truck Dealers, Tire Dealers, Trophies, Plaques & Medals, Used Car Dealers, Used Truck Dealers, Wheels-Aligning & Balancing, Wholesale Used Car Dealers",Thousand Oaks,Phone:(805) 856-1272,"http://www.info@totoyota.com
http://www.aandjazz@aol.com
http://www.artotoyota@aol.com
http://www.glennmuller@totoyota.com
http://www.larry.2613@hotmail.com
http://www.totrophies@aol.com",http://www.totoyota.com,Not Listed
Sierra Motors,https://www.yellowpages.com/jamestown-ca/mip/sierra-motors-472396393?lid=1002001918808,(209) 984-5272,"18475 5th Ave, Jamestown, CA 95327",http://www.sierramotors.com,0.0,0,"New Car Dealers, Automobile Parts, Supplies & Accessories-Wholesale & Manufacturers, General Merchandise, Government Consultants, Recreational Vehicles & Campers, Recreational Vehicles & Campers-Storage, Trailer Equipment & Parts, Trailer Hitches, Trailers-Automobile Utility, Trailers-Equipment & Parts-Wholesale & Manufacturers, Trailers-Repair & Service, Transport Trailers, Transportation Services, Travel Trailers, Truck Trailers, Utility Trailers",Not Listed,Not Listed,http://www.bdtrailers@gmail.com,http://bdtrailers.com,Not Listed
Halo Motor Co,https://www.yellowpages.com/escondido-ca/mip/halo-motor-co-503064196?lid=1000586369428,(760) 747-2300,"1205 Auto Park Way, Escondido, CA 92029",http://www.lexusescondido.com,5.0,1,"New Car Dealers, All-Terrain Vehicles, Generators, Generators-Electric-Service & Repair, Motorcycle Dealers, Motorcycles & Motor Scooters-Parts & Supplies, Motorcycles & Motor Scooters-Repairing & Service","Somerset, Citrus Grove",Fax:(818) 246-4586,http://www.goinstrong@sbcglobal.net,http://www.hondaofglendale.com,Not Listed
The Fahrney Automotive Group,https://www.yellowpages.com/selma-ca/mip/the-fahrney-automotive-group-505645270?lid=1002036820957,(559) 286-0966,"3105 Highland Ave, Selma, CA 93662",http://www.sfford.com/,0.0,0,"New Car Dealers, Auto Racing, Auto Repair & Service, Auto Transmission, Automobile Racing & Sports Cars, Automobile Restoration-Antique & Classic, Brake Repair","Miramar, Northeastern San Diego",Fax:(858) 586-1669,http://www.waynebaker@earthlink.net,http://www.personalizedautohaus.com,"https://www.facebook.com/personalizedautohaus
https://twitter.com/personalizedaut
http://www.linkedin.com/in/personalizedautohaus
http://www.yelp.com/biz/personalized-autohaus-inc-san-diego-2
https://foursquare.com/v/personalized-autohaus-inc/4e42f1857d8b2eefb3b15418
https://www.youtube.com/user/personalizedautohaus
http://www.yelp.com/biz/volvo-automotive-independent-repair-san-diego"
Cadillac,https://www.yellowpages.com/jamestown-ca/mip/cadillac-537236134?lid=1002073202994,(209) 916-4333,"18475 5th Ave, Jamestown, CA 95327",http://www.sierracadillac.com,0.0,0,"New Car Dealers, Automobile Body Repairing & Painting, Automobile Parts & Supplies, New Truck Dealers, Truck Rental, Truck Service & Repair, Used Car Dealers, Used Truck Dealers",West Sacramento,Not Listed,http://www.eric@riverview-trucks.com,http://riverviewtrucks.reachlocal.com/?scid=2817781,Not Listed
Glendora Dodge,https://www.yellowpages.com/glendora-ca/mip/glendora-dodge-542004512?lid=1002101333859,(626) 210-4043,"931 S Lone Hill Ave, Glendora, CA 91740",http://www.glendorachryslerjeepdodge.com,0.0,0,"New Car Dealers, Auto Oil & Lube, Auto Repair & Service, Automobile Accessories, Automobile Air Conditioning Equipment-Service & Repair, Automobile Consultants, Automobile Electric Service, Automobile Parts & Supplies, Brake Repair, Radiators Automotive Sales & Service, Tire Dealers, Towing, Used Car Dealers, Wheel Alignment-Frame & Axle Servicing-Automotive",Centre at La Quinta,Not Listed,"http://www.AWelty@hyundaioflaquinta.com
http://www.hyundaioflaquinta123@outlook.com
http://www.rcalloway@hyundaioflaquinta.com
http://www.ryates@hyundaioflaquinta.com
http://www.MLink@hyundaioflaquinta.com
http://www.ksowell163@aol.com
http://www.phrede@hyundaioflaquinta.com",http://hyundaioflaquinta1.autopurchase.us/?scid=3566662,Not Listed
1 800 Cash for Junk Cars,https://www.yellowpages.com/nationwide/mip/1-800-cash-for-junk-cars-544223303?lid=1002062644149,(800) 653-6202,Not Available,http://www.1800cashforjunkcars.com,0.0,0,"New Car Dealers, All-Terrain Vehicles, Automobile Consultants, Computer Online Services, General Merchandise, Machine Shops, Motor Scooters, Motorcycle Dealers, Motorcycle Instruction, Motorcycles & Motor Scooters-Parts & Supplies, Motorcycles & Motor Scooters-Repairing & Service, Online & Mail Order Shopping, Recreational Vehicles & Campers, Sporting Goods, Utility Vehicles-Sports & ATV's",North Corona,Not Listed,Not Listed,http://coronamotorsports1.rtrk.com/?scid=3423119,Not Listed
Allied Auto Works,https://www.yellowpages.com/los-altos-ca/mip/allied-auto-works-549660942?lid=1001177325470,(650) 968-7227,"2073 Grant Rd, Los Altos, CA 94024",http://www.alliedautoworks.com,0.0,0,"New Car Dealers, Air Conditioning Contractors & Systems, Air Conditioning Service & Repair, Auto Oil & Lube, Auto Repair & Service, Auto Transmission, Automobile Air Conditioning Equipment, Automobile Air Conditioning Equipment-Service & Repair, Automobile Diagnostic Service, Automobile Electric Service, Automobile Parts & Supplies, Brake Repair, Engine Rebuilding & Exchange, Used Car Dealers",Oak Grove,Not Listed,http://www.susiautorepair.frank@gmail.com,http://www.susiautorepair.com,Not Listed
Scott Davis Auto Sales,https://www.yellowpages.com/turlock-ca/mip/scott-davis-auto-sales-645036?lid=1001595782529,(209) 669-9311,"201 N Center St, Turlock, CA 95380",http://scottdavisautosales.com,0.0,0,"Automobile Salvage, Automobile Accessories, Automobile Parts & Supplies, Automobile Parts, Supplies & Accessories-Wholesale & Manufacturers, New Car Dealers, Used & Rebuilt Auto Parts",Visalia Industrial Park,Not Listed,Not Listed,"https://api.superpages.com/xml/search?SRC=ypintfeed&subaffiliate=DXC&PGID=e02.7182.8182845904523&SPGID=1682500528066.026a7bcb&ADID=12235759&DEST=https%3A%2F%2Fwestsidedismantling2.mydex.com%2FfBVSeTasiLk&C=new%20car%20dealer&T=Visalia&S=CA&PH=(559)%20537-8985&FL=url&TL=off&position=0&PS=1&PI=1&Results=FEED_CLCK&uid=026a7bcb-8f5e-4242-83f2-47ff4f672835&REF=&IP=150.147.152.147&UserAgent=python-httpx%2F0.23.3
http://www.westsidedismantling.com
https://www.westsidedismantling.com",Not Listed
Pilcher's Quality Auto Repar,https://www.yellowpages.com/el-cajon-ca/mip/pilchers-quality-auto-repar-898179?lid=1001657205296,(619) 593-1331,"170 Denny Way, El Cajon, CA 92020",https://pilchersqualityauto.com,0.0,0,"New Car Dealers, Automobile Parts & Supplies, Diesel Engines, Engines-Diesel-Fuel Injection Parts & Service",Southwest Santa Rosa,Fax:(707) 523-3254,http://www.kburger@hanselauto.com,https://www.gohansel.com/car-service-santa-rosa-ca,Not Listed
Accurate Autoworks,https://www.yellowpages.com/pasadena-ca/mip/accurate-autoworks-10343486?lid=1000439638360,(626) 577-0060,"26 N Hill Ave, Pasadena, CA 91106",http://www.accurateautoworks.com,0.0,0,"New Car Dealers, Auto Repair & Service, Automobile Parts & Supplies, New Truck Dealers, Used Car Dealers",Lead Hill,TollFree:(866) 505-2790,http://www.internetsales@chevyworld.com,Not Listed,Not Listed
Angelo's Performance Plus,https://www.yellowpages.com/rancho-cordova-ca/mip/angelos-performance-plus-1093231?lid=1000437168090,(916) 852-8799,"11355 Folsom Blvd, Rancho Cordova, CA 95742",http://www.angelosperformance.com,5.0,2,"New Car Dealers, Auto Repair & Service, Automobile Accessories, Automobile Parts & Supplies, New Truck Dealers, Used Car Dealers, Used Truck Dealers, Wholesale Used Car Dealers",Lead Hill,Not Listed,Not Listed,http://rosevilletoyota1.rtrk.com/?scid=3409742,Not Listed
Direct Sales & Lease,https://www.yellowpages.com/san-rafael-ca/mip/direct-sales-lease-1344708?lid=1001509384234,(415) 491-4460,"45 Mitchell Blvd, San Rafael, CA 94903",http://directsalesandlease.com,0.0,0,"New Car Dealers, Auto Repair & Service, Automobile Accessories, Automobile Body Repairing & Painting, Automobile Parts & Supplies, Used Car Dealers",Not Listed,Not Listed,"http://www.jlsam@aol.com
http://www.avrally@gmail.com",http://4rally.rtrk.com/?scid=3607157,Not Listed
Melody Toyota,https://www.yellowpages.com/san-bruno-ca/mip/melody-toyota-13683906?lid=1000473184835,(650) 635-1000,"750 San Bruno Ave E, San Bruno, CA 94066",http://www.melodytoyota.com,3.0,4,"New Car Dealers, All-Terrain Vehicles, Boat Dealers, Motor Scooters, Motorcycle Customizing, Motorcycle Dealers, Motorcycle Instruction, Motorcycles & Motor Scooters-Parts & Supplies, Motorcycles & Motor Scooters-Repairing & Service","Oak View, Huntington Beach",Not Listed,Not Listed,http://hbhonda.com,Not Listed
Niello BMW Sacramento,https://www.yellowpages.com/sacramento-ca/mip/niello-bmw-sacramento-1543689?lid=1001646160552,(916) 486-1011,"2020 Fulton Ave, Sacramento, CA 95825",https://bmw.niello.com/?utm_source=ypLocalAdsBMWSacramento&utm_campaign=ypLocalAdsBMWSacramento,5.0,1,"New Car Dealers, Auto Repair & Service, Automobile Body Repairing & Painting, Automobile Parts & Supplies, Used Car Dealers",Arden - Arcade,Not Listed,"http://www.bmw.parts@niello.com
http://www.bmw.sales@niello.com
http://www.bmw.service@niello.com",https://bmw.niello.com/?utm_source=ypLocalAdsBMWSacramento&utm_campaign=ypLocalAdsBMWSacramento,Not Listed
CCS-Consumer Car Sales,https://www.yellowpages.com/santa-rosa-ca/mip/ccs-consumer-car-sales-16335424?lid=1001722494367,(707) 575-7007,"2220A Sebastopol Rd, Santa Rosa, CA 95407",Not Available,0.0,0,"New Car Dealers, Transportation Services, Used Car Dealers, Wheelchair Lifts & Ramps","Southwest Santa Rosa, Wright Area Action Group",Not Listed,http://www.consumercarsales@aol.com,Not Listed,Not Listed
DCH Toyota Of Oxnard,https://www.yellowpages.com/oxnard-ca/mip/dch-toyota-of-oxnard-19338374?lid=1001722668898,(805) 898-7500,"1631 Auto Center Dr, Oxnard, CA 93036",http://www.toyotaofoxnard.com,5.0,1,"New Car Dealers, Auto Repair & Service, Automobile Parts & Supplies, Shopping Centers & Malls, Used Car Dealers",Not Listed,"Phone:(805) 988-2300
TollFree:(888) 591-3344",http://www.schapman@dchusa.com,http://www.toyotaofoxnard.com,Not Listed
Fresno,https://www.yellowpages.com/fresno-ca/mip/fresno-2089410?lid=1000439500386,(559) 447-6700,"7180 N Palm Ave, Fresno, CA 93650",http://www.bmwfresno.com,1.0,1,"New Car Dealers, Auto Body Parts, Auto Repair & Service, Automobile Parts & Supplies, Truck Stops, Used Car Dealers","Bullard, Pinedale",Not Listed,Not Listed,http://www.bmwfresno.com,Not Listed
Hedrick's Chevrolet,https://www.yellowpages.com/clovis-ca/mip/hedricks-chevrolet-2155497?lid=1001306269174,(559) 291-7711,"961 W Shaw Ave, Clovis, CA 93612",http://www.hedrickschevrolet.com,3.0,2,"New Car Dealers, Auto Repair & Service, Automobile Body Repairing & Painting, New Truck Dealers, Tire Dealers, Used Car Dealers",Not Listed,Not Listed,http://www.mattgeil@hedrickschevy.com,http://www.hedrickschevrolet.com,Not Listed
Santa Paula Chevrolet,https://www.yellowpages.com/santa-paula-ca/mip/santa-paula-chevrolet-21952165?lid=1000437165271,(805) 525-2127,"101 W Harvard Blvd, Santa Paula, CA 93060",http://www.santapaulachevrolet.com,3.0,2,"Automobile Parts & Supplies, Auto Repair & Service, Automobile Body Repairing & Painting, Automotive Roadside Service, New Car Dealers, Used Car Dealers",Not Listed,TollFree:(800) 410-2438,"http://www.sales@santapaulachevrolet.com
http://www.finance@santapaulachevrolet.com
http://www.parts@santapaulachevrolet.com
http://www.service@santapaulachevrolet.com",http://www.santapaulachevrolet.com,Not Listed
Mercedes-Benz Of Escondido,https://www.yellowpages.com/escondido-ca/mip/mercedes-benz-of-escondido-21969358?lid=1001838058652,(760) 745-5000,"1101 W 9th Ave, Escondido, CA 92025",Not Available,1.0,1,"New Car Dealers, Auto Repair & Service, Automobile & Truck Brokers, Automobile Clubs, Automobile Leasing, Automobile Parts & Supplies, Used Car Dealers",Central Escondido,"Phone:(760) 443-0058
Fax:(760) 745-9853",http://www.elitesdmbz@gmail.com,Not Listed,Not Listed
Rick's Performance,https://www.yellowpages.com/pleasanton-ca/mip/ricks-performance-21990358?lid=1001978414574,(925) 484-2324,"3295 Bernal Ave Ste A, Pleasanton, CA 94566",http://www.ricksrotary.com,0.0,0,"New Car Dealers, Auto Oil & Lube, Auto Repair & Service, Auto Transmission, Automobile Air Conditioning Equipment, Automobile Diagnostic Service, Automobile Electric Service, Automobile Parts & Supplies, Automobile Performance, Racing & Sports Car Equipment, Automobile Racing & Sports Cars, Brake Repair, Engine Rebuilding & Exchange, Used Car Dealers",Not Listed,Not Listed,Not Listed,http://www.ricksrotary.com,"http://www.facebook.com/ricksperformance
http://twitter.com/rickperformance
http://plus.google.com/104447874617886893829/posts"
Ackerman's Servicing Volvo & Subaru,https://www.yellowpages.com/berkeley-ca/mip/ackermans-servicing-volvo-subaru-22198973?lid=1000437178435,(510) 549-9330,"2220 San Pablo Ave, Berkeley, CA 94702",http://www.ackermanservicingvolvo.com,0.0,0,"New Car Dealers, Auto Oil & Lube, Auto Repair & Service, Auto Transmission, Automobile Diagnostic Service, Automobile Electric Service, Automobile Inspection Stations & Services, Brake Repair","Poet's Corner, West Berkeley",Not Listed,Not Listed,http://www.ackermanservicingvolvo.com,Not Listed
Autoworld Chrysler-Dodge-Jeep-Ram,https://www.yellowpages.com/petaluma-ca/mip/autoworld-chrysler-dodge-jeep-ram-2235273?lid=1001722484762,(707) 762-2712,"1370 Auto Center Dr, Petaluma, CA 94952",http://www.autoworlddodge.com,4.5,8,"New Car Dealers, Auto Body Parts, Auto Repair & Service, Automobile Parts & Supplies",Not Listed,"Phone:(415) 454-7000
TollFree:(888) 377-7193",Not Listed,http://www.autoworlddodge.com,Not Listed
Harrold Ford,https://www.yellowpages.com/sacramento-ca/mip/harrold-ford-22755086?lid=1001628176522,(877) 514-2833,"1535 Howe Ave, Sacramento, CA 95825",Not Available,5.0,1,"New Car Dealers, Auto Repair & Service, Auto Transmission, Automobile Body Repairing & Painting, Automobile Electric Service, Automobile Leasing, Automobile Parts & Supplies, Automotive Tune Up Service, Brake Service Equipment, Mufflers & Exhaust Systems, New Truck Dealers, Tire Dealers, Used Car Dealers, Used Truck Dealers, Wheel Alignment-Frame & Axle Servicing-Automotive",Arden - Arcade,TollFree:(877) 200-6760,http://www.harroldford@eleadtrack.net,Not Listed,Not Listed
Nate Smith Optimal Auto Care,https://www.yellowpages.com/santa-cruz-ca/mip/nate-smith-optimal-auto-care-22933846?lid=1001439838888,(831) 346-1373,"2335 Soquel Dr, Santa Cruz, CA 95065",http://www.optimalauto.com,0.0,0,"New Car Dealers, Auto Body Parts, Auto Engine Rebuilding, Auto Oil & Lube, Auto Racing, Auto Repair & Service, Auto Transmission, Automobile Accessories, Automobile Air Conditioning Equipment-Service & Repair, Automobile Diagnostic Service, Automobile Parts & Supplies, Automobile Parts & Supplies-Used & Rebuilt-Wholesale & Manufacturers, Automobile Restoration-Antique & Classic, Automotive Tune Up Service, Brake Repair, Clutches, Engine Rebuilding & Exchange, Mufflers & Exhaust Systems, Radiators Automotive Sales & Service, Tire Dealers, Used Car Dealers, Wheels",Not Listed,Not Listed,http://www.Nate@optimalauto.com,http://www.optimalauto.com,Not Listed
Market Street Automotive & Muffler,https://www.yellowpages.com/redding-ca/mip/market-street-automotive-muffler-2549338?lid=1001517098061,(530) 241-0512,"1035 Sutter St, Redding, CA 96001",http://marketstreetautomotive.com,0.0,0,"Auto Repair & Service, Alternators & Generators-Automotive Repairing, Auto Engine Rebuilding, Auto Transmission, Automobile Accessories, Automobile Air Conditioning Equipment, Automobile Air Conditioning Equipment-Service & Repair, Automobile Diagnostic Service, Automobile Parts & Supplies, Automotive Tune Up Service, Clutches, Engine Rebuilding & Exchange, Mufflers & Exhaust Systems, New Car Dealers, Used Car Dealers, Wholesale Used Car Dealers","Redding, Parkview",Not Listed,http://www.sdiasauto@att.net,http://marketstreetautomotive.com,Not Listed
Cash For Cars,https://www.yellowpages.com/san-diego-ca/mip/cash-for-cars-3340032?lid=1000615712072,(619) 464-1717,"6880 El Cajon Blvd, San Diego, CA 92115",http://cashforcarssandiego.com,5.0,1,"Automobile Auctions, New Car Dealers, Used Car Dealers","Rolando, Mid-City",Not Listed,http://www.cashforcarssandiego@gmail.com,http://cashforcarssandiego.com,Not Listed
European Automotive Service,https://www.yellowpages.com/fresno-ca/mip/european-automotive-service-4114789?lid=1001329779652,(559) 225-5403,"1855 E Gettysburg Ave, Fresno, CA 93726",http://www.euroautofresno.com,0.0,0,"Auto Repair & Service, Auto Engine Rebuilding, Auto Oil & Lube, Automobile Accessories, Automobile Air Conditioning Equipment, Automobile Air Conditioning Equipment-Service & Repair, Automobile Diagnostic Equipment, Automobile Diagnostic Service, Automobile Diagnostic Service Equipment-Service & Repair, Automobile Electric Service, Automobile Parts & Supplies, Automotive Tune Up Service, Brake Repair, Engine Rebuilding & Exchange, New Car Dealers, Shock Absorbers & Struts, Warranty Contracts",Hoover,Not Listed,http://www.euroauto1855@gmail.com,"http://www.euroautofresno.com
https://www.domainmarket.com/buynow/europeanautomotiveservice.com
http://europeanautomotiveservice.com",Not Listed
Outboard Motor Shop,https://www.yellowpages.com/oakland-ca/mip/outboard-motor-shop-4425583?lid=1001234799459,(510) 533-9290,"333 Kennedy St, Oakland, CA 94606",http://www.outboardmotorshop.com,0.0,0,"New Car Dealers, Boat Dealers, Boat Equipment & Supplies, Boat Maintenance & Repair, Boat Trailers, Outboard Motors","San Antonio, Embarcadero",Not Listed,"http://www.info@outboardmotorshop.com
http://www.Craig@sea-power.com
http://www.craig@outboardmotorshop.com",http://www.outboardmotorshop.com,Not Listed
Action  Auto Repair,https://www.yellowpages.com/cypress-ca/mip/action-auto-repair-450927869?lid=1001328382231,(714) 826-1880,"9052 Walker Street, Cypress, CA 90630",http://www.actionautocypress.com,0.0,0,"Auto Repair & Service, Auto Oil & Lube, Auto Transmission, Automobile Air Conditioning Equipment-Service & Repair, Automobile Inspection Stations & Services, Automobile Parts & Supplies, Brake Repair, Engine Rebuilding & Exchange, Mufflers & Exhaust Systems, New Car Dealers, Tire Dealers, Tire Recap, Retread & Repair, Towing, Truck Service & Repair, Used Car Dealers, Wheel Alignment-Frame & Axle Servicing-Automotive, Wheels-Aligning & Balancing",Cypress,Phone:(714) 930-2400,http://www.actionautocypress@yahoo.com,http://www.actionautocypress.com,https://www.facebook.com/ActionAutoOC/
Renson Automotive,https://www.yellowpages.com/campbell-ca/mip/renson-automotive-450984454?lid=1001978401424,(408) 377-8113,"1436 White Oaks Rd, Campbell, CA 95008",Not Available,5.0,1,"New Car Dealers, Air Conditioning Contractors & Systems, Air Conditioning Service & Repair, Auto Engines Installation & Exchange, Auto Oil & Lube, Auto Repair & Service, Auto Transmission, Automobile Air Conditioning Equipment, Automobile Body Repairing & Painting, Automobile Diagnostic Service, Automobile Electric Service, Automobile Parts & Supplies, Brake Repair, Used Car Dealers",White Oak,Not Listed,"http://www.Falconer.Bill@rensonautomotive.com
http://www.rensonauto@comcast.net",Not Listed,Not Listed
J & D Corvette,https://www.yellowpages.com/bellflower-ca/mip/j-d-corvette-455820045?lid=1001930974808,(562) 804-5205,"9833 Alondra Blvd, Bellflower, CA 90706",http://www.jdcorvette.com,5.0,1,"Tire Dealers, Auto Body Parts, Auto Oil & Lube, Auto Repair & Service, Automobile Accessories, Automobile Body Repairing & Painting, Automobile Diagnostic Service, Automobile Inspection Stations & Services, Automobile Parts & Supplies, Brake Repair, Engines-Supplies, Equipment & Parts, Mufflers & Exhaust Systems, New Car Dealers, Truck Equipment & Parts, Truck Service & Repair, Used & Rebuilt Auto Parts",Bellflower,Not Listed,http://www.jaime@jdcorvette.com,http://www.jdcorvette.com,"https://www.facebook.com/pages/J-D-Corvette/206577509371505?ref=tn_tnmn
https://twitter.com/janddcorvette"
Polycare Automotive,https://www.yellowpages.com/san-diego-ca/mip/polycare-automotive-456937920?lid=1001063726005,(858) 458-0720,"5790 Autoport Mall, San Diego, CA 92121",http://www.polycareauto.com,0.0,0,"Auto Repair & Service, Auto Oil & Lube, Auto Transmission, Automobile Air Conditioning Equipment-Service & Repair, Automobile Diagnostic Service, Automobile Electric Service, Automotive Tune Up Service, Brake Repair, New Car Dealers, Radiators Automotive Sales & Service","Sorrento Valley, Northern San Diego",Not Listed,http://www.bmeadows@polycareauto.com,http://www.polycareauto.com,Not Listed
Crown Motors,https://www.yellowpages.com/redding-ca/mip/crown-motors-458736544?lid=1000437170948,(530) 241-4321,"555 Cypress Ave, Redding, CA 96001",http://www.crownmotorsredding.com,5.0,1,"Automobile Parts & Supplies, Auto Repair & Service, Automobile Accessories, New Car Dealers, New Truck Dealers, Used Car Dealers, Used Truck Dealers","Redding, Parkview",TollFree:(800) 916-2769,Not Listed,http://www.crownmotorsredding.com,Not Listed
Sunset Auto Sales,https://www.yellowpages.com/santa-cruz-ca/mip/sunset-auto-sales-460832177?lid=1001123360716,(831) 426-3256,"1800 Soquel Ave Ste C, Santa Cruz, CA 95062",Not Available,0.0,0,"Used Car Dealers, New Car Dealers, Used Truck Dealers, Wholesale Used Car Dealers",Eastside,Phone:(831) 600-6549,http://www.bill@sas-sc.com,Not Listed,Not Listed
Zumwalt Ford,https://www.yellowpages.com/saint-helena-ca/mip/zumwalt-ford-460948382?lid=1000925186109,(707) 963-2771,"21 Main St, Saint Helena, CA 94574",http://www.zumwaltford.net,0.0,0,"New Car Dealers, Auto Oil & Lube, Auto Repair & Service, Used Car Dealers",Not Listed,Fax:(707) 963-4539,Not Listed,http://www.zumwaltford.net,Not Listed
R & M Automotive,https://www.yellowpages.com/san-francisco-ca/mip/r-m-automotive-461720506?lid=1001262853697,(415) 292-4840,"824 Ellis St, San Francisco, CA 94109",http://www.sfautosport.com,0.0,0,"Automobile Diagnostic Service, Auto Oil & Lube, Auto Repair & Service, Automobile Accessories, Automobile Air Conditioning Equipment, Automobile Air Conditioning Equipment-Service & Repair, Automobile Body Repairing & Painting, Automobile Inspection Stations & Services, Automobile Parts & Supplies, Brake Repair, Emissions Inspection Stations, Mufflers & Exhaust Systems, New Car Dealers, Truck Service & Repair","Tenderloin, Northeast San Francisco",Not Listed,http://www.info@sfautosport.com,http://www.sfautosport.com,Not Listed
Ted Miles Motors Inc.,https://www.yellowpages.com/atascadero-ca/mip/ted-miles-motors-inc-461725571?lid=1000548029123,(805) 466-2411,"7380 El Camino Real, Atascadero, CA 93422",http://www.tedmilesmotors.com,0.0,0,"Motorcycle Dealers, New Car Dealers, Used Car Dealers",Not Listed,"TollFree:(800) 549-5337
Toll Free:(800) 549-5337",Not Listed,http://www.tedmilesmotors.com,Not Listed
European Autotech,https://www.yellowpages.com/san-ramon-ca/mip/european-autotech-461726642?lid=1001716604349,(925) 820-6460,"31 Beta Ct Ste J, San Ramon, CA 94583",http://www.europeanautotechsr.com,5.0,40,"Automobile Parts & Supplies, Auto Engine Rebuilding, Auto Oil & Lube, Auto Repair & Service, Auto Transmission, Automobile Accessories, Automobile Air Conditioning Equipment-Service & Repair, Automobile Diagnostic Service, Automobile Electric Service, Automobile Inspection Stations & Services, Automotive Tune Up Service, Brake Repair, Emissions Inspection Stations, Engine Rebuilding & Exchange, Mufflers & Exhaust Systems, New Car Dealers",Not Listed,Not Listed,"http://www.chris@europeanautotechsr.com
http://www.tim@europeanautotechsr.com",http://www.europeanautotechsr.com,Not Listed
Jack's German Auto Service Inc.,https://www.yellowpages.com/fountain-valley-ca/mip/jacks-german-auto-service-inc-461734408?lid=1000636437552,(714) 839-5225,"16650 Harbor Blvd Ste C11, Fountain Valley, CA 92708",http://www.jacksgermanauto.com,5.0,1,"Automobile Parts & Supplies, Auto Engine Rebuilding, Auto Oil & Lube, Auto Repair & Service, Auto Transmission, Automobile Accessories, Automobile Consultants, Automobile Diagnostic Service, Automobile Inspection Stations & Services, Automotive Tune Up Service, Brake Repair, Engine Rebuilding & Exchange, Gas Stations, New Car Dealers",Fountain Valley,Not Listed,http://www.jacksgerman@gmail.com,http://www.jacksgermanauto.com,Not Listed
Acura Of Fremont,https://www.yellowpages.com/fremont-ca/mip/acura-of-fremont-462532282?lid=1000439669377,(510) 431-2500,"5700 Cushing Pkwy, Fremont, CA 94538",http://www.acuraoffremont.com,0.0,0,"Automobile Parts & Supplies, Auto Repair & Service, Auto Transmission, Automobile Leasing, New Car Dealers, Used Car Dealers",Baylands,TollFree:(888) 693-6049,http://www.fremontacuracustomercare@gmail.com,http://www.acuraoffremont.com,Not Listed
Rumin's Auto Body,https://www.yellowpages.com/merced-ca/mip/rumins-auto-body-467168833?lid=1001383781831,(209) 383-1582,"251 W 11th St, Merced, CA 95341",http://www.ruminsautobody.com,0.0,0,"Automobile Parts & Supplies, Auto Repair & Service, Automobile Accessories, Automobile Body Repairing & Painting, Automobile Customizing, Automobile Restoration-Antique & Classic, Glass-Auto, Plate, Window, Etc, Mufflers & Exhaust Systems, New Car Dealers, Sandblasting, Windshield Repair",Not Listed,Not Listed,Not Listed,http://www.ruminsautobody.com,Not Listed
Martinez Auto Service,https://www.yellowpages.com/san-rafael-ca/mip/martinez-auto-service-468481857?lid=1001875231053,(415) 827-0229,"3241 Kerner Blvd, San Rafael, CA 94901",Not Available,5.0,1,"Automotive Tune Up Service, Auto Repair & Service, New Car Dealers",Canal,Phone:(415) 306-7742,Not Listed,Not Listed,Not Listed
Victory Chevrolet-Cadillac-Isuzu,https://www.yellowpages.com/petaluma-ca/mip/victory-chevrolet-cadillac-isuzu-470080842?lid=1001856519106,(707) 762-2300,"1360 Auto Center Dr, Petaluma, CA 94952",http://www.victorychevy.com,4.5,7,"Auto Repair & Service, Automobile Parts & Supplies, New Car Dealers",Southeastern Sacramento,Not Listed,http://www.RatchetAuto2018@Gmail.com,https://www.ratchetautomotive.com,https://www.facebook.com/pg/Ratchet-Automotive-524599058060833/posts/?ref=page_internal
Mountain View Locksmith Store,https://www.yellowpages.com/mountain-view-ca/mip/mountain-view-locksmith-store-472435314?lid=1001457356743,(650) 425-6065,"1477 Plymouth St, Mountain View, CA 94043",http://www.mountainviewlocksmithstore.com,5.0,1,"New Car Dealers, Auto Repair & Service, Automobile Parts & Supplies, New Truck Dealers, Used Car Dealers",El Cajon,Not Listed,Not Listed,http://www.elcajonford.com,Not Listed
Antioch Toyota,https://www.yellowpages.com/antioch-ca/mip/antioch-toyota-472614927?lid=1001683017883,(866) 939-6215,"1817 Auto Center Dr, Antioch, CA 94509",http://www.antiochscion.com,0.0,0,"New Car Dealers, Auto Repair & Service, Automobile Body Repairing & Painting, Automobile Body Shop Equipment & Supplies, Automobile Repairing & Service-Equipment & Supplies, New Truck Dealers, Trucks-Industrial","Central Costa Mesa, College Park, Costa Mesa",Not Listed,Not Listed,http://www.connellchevrolet.com/?utm_source=YP.com_2BNetwork&utm_medium=YP.com_2BNetwork&utm_campaign=YP.com_2BNetwork,Not Listed
Oro Dam Auto Center,https://www.yellowpages.com/oroville-ca/mip/oro-dam-auto-center-474460616?lid=1000855219772,(530) 533-4626,"1250 Oro Dam Blvd E, Oroville, CA 95965",http://www.orodamautocenter.com,0.0,0,"New Car Dealers, New Truck Dealers, Trailers-Automobile Utility",Not Listed,Not Listed,Not Listed,http://www.bonanderauto.com,Not Listed
ABC Nick's Pioneer Towing,https://www.yellowpages.com/nationwide/mip/abc-nicks-pioneer-towing-478311498?lid=1000705778676,(530) 534-8693,Not Available,http://nicksautosales.com,0.0,0,"New Car Dealers, Auto Racing, Auto Repair & Service, Automobile Accessories, Automobile Parts & Supplies, Automobile Parts & Supplies-Used & Rebuilt-Wholesale & Manufacturers, Automobile Parts, Supplies & Accessories-Wholesale & Manufacturers, Automobile Performance, Racing & Sports Car Equipment, Automobile Racing & Sports Cars, Automotive Alternators & Generators, Used & Rebuilt Auto Parts, Wholesale Used Car Dealers",Huntington Beach,Not Listed,http://www.parts@aceautohb.com,http://aceautohb.com,Not Listed
1st Kia of Simi Valley,https://www.yellowpages.com/simi-valley-ca/mip/1st-kia-of-simi-valley-480722735?lid=1000456206545,(805) 842-3455,"2081 1st St, Simi Valley, CA 93065",http://www.1stkia.com,0.0,0,"New Car Dealers, Auto Repair & Service","Thousand Oaks, Downtown Thousand Oaks",Not Listed,http://www.ricksjapanesecarcare@gmail.com,http://ricksjapanese.us,"https://www.facebook.com/Ricks-Japanese-Car-Care-166636640041526
https://plus.google.com/101773879924662463475"
1st Honda of Simi Valley,https://www.yellowpages.com/simi-valley-ca/mip/1st-honda-of-simi-valley-480724816?lid=1000456209403,(805) 842-3128,"2283 1st St, Simi Valley, CA 93065",http://www.1sthonda.com,0.0,0,"New Car Dealers, Auto Repair & Service, Automobile Body Repairing & Painting, Automobile Leasing, Automobile Manufacturers & Distributors, Automobile Parts & Supplies, Car Rental, Financial Services, New Truck Dealers, Truck Equipment & Parts, Truck Service & Repair, Used Car Dealers, Used Truck Dealers",Not Listed,Not Listed,http://www.champ@championchev.com,http://www.championchevroletreno.com?cs:pro=yext,https://www.facebook.com/championchevrolet
MY Auto Group,https://www.yellowpages.com/salinas-ca/mip/my-auto-group-481018921?lid=1001986365111,(831) 444-4000,"444 Auto Center Cir, Salinas, CA 93907",http://www.mycars.com,0.0,0,"New Car Dealers, Auto Repair & Service, Automobile Parts & Supplies, Used & Rebuilt Auto Parts, Used Car Dealers",Carlsbad,Not Listed,Not Listed,http://www.lexuscarlsbad.com,"https://www.facebook.com/lexuscarlsbad
https://twitter.com/LexusCarlsbad"
Serramonte Ford,https://www.yellowpages.com/colma-ca/mip/serramonte-ford-482154922?lid=1001193452614,(800) 860-7668,"999 Serramonte Blvd, Colma, CA 94014",https://www.serramonteford.com,5.0,1,"Auto Repair & Service, Automobile Accessories, Automobile Diagnostic Service, Automobile Parts & Supplies, New Car Dealers",Pomona,Not Listed,http://www.daveslittlecarshop@verizon.net,Not Listed,https://plus.google.com/100596895420024446660/about
You Fix IT Auto Sales,https://www.yellowpages.com/watsonville-ca/mip/you-fix-it-auto-sales-496329709?lid=1000480458160,(831) 319-4446,"44 E Front St, Watsonville, CA 95076",Not Available,0.0,0,"New Car Dealers, Auto Repair & Service, Automobile Detailing, Car Wash",Not Listed,Not Listed,"http://www.sabline@goldenmailer.com
http://www.sales@walnutcreekhonda.com",http://www.walnutcreek-carwash.com,Not Listed
Joe's Foreign Automotive,https://www.yellowpages.com/walnut-creek-ca/mip/joes-foreign-automotive-503135648?lid=1001981056174,(925) 938-0110,"2830 N Main St, Walnut Creek, CA 94597",http://www.joesforeignautomotive.com,0.0,0,"New Car Dealers, Used Car Dealers",Cerritos,Phone:(562) 402-5281,Not Listed,"http://www.browningautogroup.com
http://www.cerritosacura.com
http://www.cerritosautosquare.com",Not Listed
Motor Motion Automotive,https://www.yellowpages.com/modesto-ca/mip/motor-motion-automotive-5111298?lid=1001978193094,(209) 545-4000,"4724 Greenleaf Ct, Modesto, CA 95356",http://www.motormotionauto.com,5.0,4,"New Car Dealers, Auto Repair & Service, Automobile Leasing, Automobile Parts & Supplies, New Truck Dealers, Used Car Dealers",Not Listed,Not Listed,Not Listed,"http://www.pasoroblesford.com
http://www.pasoford.com",Not Listed
German Motors,https://www.yellowpages.com/san-ramon-ca/mip/german-motors-532179207?lid=1001624255989,(925) 855-0404,"1941 San Ramon Valley Blvd, San Ramon, CA 94583",https://german-motors-autos.com,5.0,9,"New Car Dealers, Auto Repair & Service, Truck Service & Repair, Used Car Dealers, Used Truck Dealers",Valley Mobile Park,TollFree:(800) 350-5327,http://www.jimjr@jimvreelandford.com,http://www.jimvreelandford.com,Not Listed
Gardena Nissan,https://www.yellowpages.com/gardena-ca/mip/gardena-nissan-532283877?lid=1000437163633,(310) 532-1600,"1670 W Redondo Beach Blvd, Gardena, CA 90247",http://www.nissanusa.com,5.0,39,"New Car Dealers, Auto Body Parts, Auto Repair & Service, Automobile Body Repairing & Painting, Automobile Leasing, Automobile Parts & Supplies, Used Car Dealers",Carlsbad,Not Listed,http://www.toyotacarlsbadbdc@toyotacarlsbad.com,http://www.toyotacarlsbad.com,Not Listed
Chico Nissan Hyundai,https://www.yellowpages.com/chico-ca/mip/chico-nissan-hyundai-549300004?lid=1001319404194,(530) 891-1777,"575 Manzanita Ave, Chico, CA 95926",Not Available,0.0,0,"New Car Dealers, Auto Repair & Service, Automobile Parts & Supplies, New Truck Dealers, Used Car Dealers, Used Truck Dealers",Not Listed,Not Listed,Not Listed,http://www.toyotaoforange.com,https://www.toyotaoforange.com/facebook.htm?parentPageAlias=INDEX
Red Bluff Yamaha - Polaris - Kawasaki,https://www.yellowpages.com/modesto-ca/mip/red-bluff-yamaha-polaris-kawasaki-5781202?lid=1000540195164,(530) 527-1466,"3536 Mchenry Avenue Suite A, Modesto, CA 95356",https://www.redbluffmotorsports.com,0.0,0,"New Car Dealers, Auto Repair & Service, Automobile & Truck Brokers, Automobile Body Repairing & Painting, Automobile Leasing, Automobile Parts & Supplies, Car Rental, Financial Services, New Truck Dealers, Used Car Dealers, Used Truck Dealers, Wholesale Used Car Dealers","Costa Mesa, Central Costa Mesa",Not Listed,http://www.dlunenthal@southcoasttoyota.com,"http://southcoasttoyota.com
http://www.pinterest.com/southcoasttoyot
http://www.toyota.com
https://www.facebook.com/pages/South-Coast-Toyota/1433781053500407
https://twitter.com/SouthCoastT","https://www.facebook.com/pages/South-Coast-Toyota/1433781053500407
https://twitter.com/SouthCoastT"
Thousand Oaks Toyota,https://www.yellowpages.com/thousand-oaks-ca/mip/thousand-oaks-toyota-6388356?lid=1001041562941,(818) 889-8919,"2401 E Thousand Oaks Blvd, Thousand Oaks, CA 91362",http://www.totoyota.com,5.0,3,"New Car Dealers, Auto Oil & Lube, Auto Repair & Service, Auto Transmission, Automobile Customizing, Automobile Diagnostic Service, Automobile Inspection Stations & Services, Automobile Parts & Supplies, Automobile Parts, Supplies & Accessories-Wholesale & Manufacturers, Brake Repair, Engine Rebuilding & Exchange, Recreational Vehicles & Campers, Recreational Vehicles & Campers-Repair & Service, Tire Dealers, Used Car Dealers",Not Listed,Freedom Location @ 2114 Freedom Blvd:(831) 724-4777,Not Listed,http://www.specializedautos.com,Not Listed
B & D Trailer Sales,https://www.yellowpages.com/martinez-ca/mip/b-d-trailer-sales-682543?lid=1000560184622,(925) 370-3950,"5041 Blum Rd, Martinez, CA 94553",http://bdtrailers.com,0.0,0,"New Car Dealers, Auto Repair & Service, Automobile Body Repairing & Painting, Automobile Leasing, Automobile Parts & Supplies, Electric Cars, New Truck Dealers, Tire Dealers, Used Car Dealers",Not Listed,Not Listed,"http://www.lpowell@sierramotors.net
http://www.jalexander@sierramotors.net","http://www.sierramotors.com
http://www.sierramotors.net
https://www.sierramotors.net",Not Listed
Honda of Glendale Motorcycles,https://www.yellowpages.com/glendale-ca/mip/honda-of-glendale-motorcycles-74801?lid=1000895545038,(818) 246-2461,"1331 E Colorado St, Glendale, CA 91205",http://www.hondaofglendale.com,5.0,1,"New Car Dealers, Auto Repair & Service, Automobile Parts & Supplies, Used Car Dealers",Felicita,Not Listed,Not Listed,http://www.lexusescondido.com,"http://www.facebook.com/lexusescondido
http://www.twitter.com/lexus_escondido"
Personalized AutoHaus Inc.,https://www.yellowpages.com/san-diego-ca/mip/personalized-autohaus-inc-21907635?lid=1001409255741,(858) 586-7771,"8645 Commerce Ave, San Diego, CA 92121",http://www.personalizedautohaus.com,0.0,0,"New Car Dealers, Auto Repair & Service, Auto Transmission, Towing, Used Car Dealers",Not Listed,Not Listed,http://www.socialmedia@fahrneygroup.com,"http://www.sfford.com
http://www.fahrneygroup.com","https://www.facebook.com/FahrneyGroup
https://www.youtube.com/channel/UCj6PhEOiZ9HEN1yyF4OIdWg
https://www.pinterest.com/fahrneygroup/
https://plus.google.com/u/0/106918442498429733883/posts"
Riverview  Trucks,https://www.yellowpages.com/west-sacramento-ca/mip/riverview-trucks-2727597?lid=1001876484258,(866) 661-1829,"2445 Evergreen Ave, West Sacramento, CA 95691",http://api.citygridmedia.com/content/places/v2/click?q=urVBa6moXC5S9VPyC16BYBn_NxLXMVobS_8vbcyI69_gxb4CfBJy9OKohTker_VRQUs_rkabzY8Aw-E7wg8PzxGIRE6Qeb1zffG2kRjt9wW32cq9uCECkL8wpv5bmgpnRowVfAbTYFYNQWc4Ba1RhiVAvufVNWPkg7w-A-J-ztOm5PtEYBAxtAu5J8N01M6apxw3tFPqukZfzK4KRpP08sX0R-f6RIx8OMLSmIbk931_qld6meVGcsc7n1Oe_u2cMvSl5alc1-LT4cM0SeScPnpVfCRULI_klToGhbPDAMtDc9eVuBQ35jtK3zJ0oNLXEf3zu-BKKPP9ZgQOh5pxvbJdJL9K0aAkm7a3-Xf6zCVqA3VuH25RUH2o-4s2xjtH1FeQG66eSYU8ZMhmwPC1-UEJToxeg3jd8YzlTZg0HB05oVtHNd-cwz66TPENlIma&reference_id=0&publisher=yellowpages&placement=ypwebsitesrpr&action_target=listing_website,0.0,0,"New Car Dealers, Auto Repair & Service, New Truck Dealers, Used Car Dealers, Used Truck Dealers",Not Listed,Not Listed,http://www.jalexander@sierramotors.net,http://www.sierracadillac.com,Not Listed
Hyundai Of La Quinta,https://www.yellowpages.com/la-quinta-ca/mip/hyundai-of-la-quinta-453603436?lid=1001876569812,(844) 498-5446,"79025 Highway 111, La Quinta, CA 92253",http://api.citygridmedia.com/content/places/v2/click?q=urVBa6moXC5S9VPyC16BYBn_NxLXMVobS_8vbcyI69_gxb4CfBJy9OKohTker_VRQUs_rkabzY8Aw-E7wg8PzxGIRE6Qeb1zffG2kRjt9wW32cq9uCECkL8wpv5bmgpnM6iGdbVEyuBKcBJx9pEya4aAbsdlWXq16ZJYmeLUWfvrmmJAnP-yFgf4TO9UorgYntJ-XX3OAhSuG9FoL1plp9LkU-dTQZ6ocE9RlDT9sMNMUQZnWzSKE1kA4129JRZ-iWxgmAgQjxSpY-3SK9gM92Zf1wFN0WY6oQe3SaOJKP0syblLXAiraEtE6Yj7-Wwz_y-8F2V3sLcuL2bFfJ-pHkUttwnWNqjIWIOi-r6-EJNWHBh9Yv_fME_Tb8ZYzv1y8dYu-bJhS6FHz48mlrrDl4pPIQAM2ssAit59JCg877i-3o757shaLFu4zv0mSmcRKKvNtwZe1nM&reference_id=0&publisher=yellowpages&placement=ypwebsitesrpr&action_target=listing_website,4.0,8,"New Car Dealers, Auto Repair & Service, Automobile Leasing, Used Car Dealers",Glendora,Not Listed,http://www.lonniere@aol.com,http://www.glendorachryslerjeepdodge.com,https://www.facebook.com/GlendoraChryslerDodgeJeepRam
Corona Motorsports,https://www.yellowpages.com/corona-ca/mip/corona-motorsports-466566338?lid=1001875553243,(951) 254-7154,"363 American Cir, Corona, CA 92880",http://api.citygridmedia.com/content/places/v2/click?q=urVBa6moXC5S9VPyC16BYBn_NxLXMVobS_8vbcyI69_gxb4CfBJy9OKohTker_VRQUs_rkabzY8Aw-E7wg8PzxGIRE6Qeb1zffG2kRjt9wW32cq9uCECkL8wpv5bmgpn2WGpLZ-84zW12EmAHsF_J667s8JOdZeMOmpiFHpad_adroOj4kWnpRtg7DP7h7xo8lRa8H-cEurHdwxA54NY4EA8CwTuqDqiTox0SIJPySOQHsojFL1iJulSahOS5jWB7_hpC437oNlmLz9xNlvYBRg5JFWGMul3ulROLZEDRuSkLxpRPvyf8YI4P6QiXIAw2lknAsU7pIrmWhohGGKw8RF3hGY7vjEyvaLNgjSnpaBvZs-nIB6B_4roD50IAigNI7bS2-BKB3h8zEk8FK-MQWj2Tbvzrhk3KrUBF8HXpRyb83Rhf-QAnQ&reference_id=0&publisher=yellowpages&placement=ypwebsitesrpr&action_target=listing_website,3.0,1,"Automobile Salvage, Automobile & Truck Brokers, Automobile Body Repairing & Painting, Junk Dealers, New Car Dealers, Truck Brokers, Used Car Dealers",Not Listed,Not Listed,http://www.searchmarketing.copart.2013@gmail.com,http://www.1800cashforjunkcars.com,https://www.facebook.com/1800cashforjunkcars/
Susi Auto Electrics,https://www.yellowpages.com/monterey-ca/mip/susi-auto-electrics-473709283?lid=1001978410088,(831) 649-1129,"1154 Del Monte Ave, Monterey, CA 93940",http://www.susiautorepair.com,5.0,17,"New Car Dealers, Auto Repair & Service, Automobile Air Conditioning Equipment, Automobile Diagnostic Service, Automobile Inspection Stations & Services, Automobile Parts & Supplies, Automotive Tune Up Service",South Los Altos,"2073 Grant Road, Los Altos:(650) 968-7227",http://www.service@alliedautoworks.com,http://www.alliedautoworks.com,Not Listed
Westside Self Service Auto Dismantling Visalia,https://www.yellowpages.com/visalia-ca/mip/westside-self-service-auto-dismantling-visalia-481205988?lid=1002145542189,(559) 537-8985,"8125 W Goshen Ave, Visalia, CA 93291",https://api.superpages.com/xml/search?SRC=ypintfeed&subaffiliate=DXC&PGID=e02.7182.8182845904523&SPGID=1682499667426.b044d0d9&ADID=12235759&DEST=https%3A%2F%2Fwestsidedismantling2.mydex.com%2FfBVSeTasiLk&C=new%20car%20dealer&T=Visalia&S=CA&PH=(559)%20537-8985&FL=url&TL=off&position=113&PS=30&PI=4&Results=FEED_CLCK&uid=b044d0d9-9ba8-40a3-9c69-7b33b4fcc8df&REF=&IP=150.147.152.147&UserAgent=python-httpx%2F0.23.3,5.0,2,"New Car Dealers, Automobile & Truck Brokers, Used Car Dealers, Wholesale Used Car Dealers",Turlock,FAX:(209) 668-9311,http://www.scottdavisautosturlock@yahoo.com,http://scottdavisautosales.com,Not Listed
Hansel Auto Group,https://www.yellowpages.com/santa-rosa-ca/mip/hansel-auto-group-525258689?lid=1002042643329,(707) 545-6602,"2800 Corby Ave, Santa Rosa, CA 95407",https://www.gohansel.com/car-service-santa-rosa-ca,0.0,0,"New Car Dealers, Auto Repair & Service, Wheels-Frame & Axle Servicing-Equipment",Not Listed,Not Listed,Not Listed,https://pilchersqualityauto.com,Not Listed
John L. Sullivan Chevrolet,https://www.yellowpages.com/roseville-ca/mip/john-l-sullivan-chevrolet-531802260?lid=1001962079227,(916) 660-5081,"350 Automall Dr, Roseville, CA 95661",?reference_id=0&publisher=yellowpages&placement=ypwebsitesrpr&action_target=listing_website,4.5,33,"Automobile Parts & Supplies, Auto Engine Rebuilding, Auto Oil & Lube, Auto Repair & Service, Auto Springs & Suspension, Auto Transmission, Auto Transmission Parts, Automobile Air Conditioning Equipment-Service & Repair, Automobile Body Repairing & Painting, Automobile Diagnostic Service, Automobile Electric Service, Automotive Tune Up Service, Brake Repair, Emissions Inspection Stations, Engine Rebuilding & Exchange, Mufflers & Exhaust Systems, New Car Dealers, Radiators Automotive Sales & Service, Steering Systems & Equipment, Tire Dealers, Tire Recap, Retread & Repair, Truck Service & Repair, Wheel Alignment-Frame & Axle Servicing-Automotive, Wheels-Aligning & Balancing, Windshield Repair","Marceline, Southeast Pasadena",Phone:(626) 584-6632,http://www.accurateautoworks@gmail.com,http://www.accurateautoworks.com,"https://www.facebook.com/pages/Accurate-Autoworks/156308521076017
https://twitter.com/AccurateA
https://plus.google.com/112016318910242314942/"
Clean Start Auto,https://www.yellowpages.com/roseville-ca/mip/clean-start-auto-532847553?lid=1001973349146,(866) 585-9227,"700 Automall Dr, Roseville, CA 95661",http://api.citygridmedia.com/content/places/v2/click?q=urVBa6moXC5S9VPyC16BYBn_NxLXMVobS_8vbcyI69_gxb4CfBJy9OKohTker_VRQUs_rkabzY8Aw-E7wg8PzxGIRE6Qeb1zffG2kRjt9wW32cq9uCECkL8wpv5bmgpnE-5tD08eSZD_Y5yT8QKoCpUpbavTXmIb5S2cnNRRU7I6FxtjygeE5Np904Ip6AHJVAmH8vMapOSwxCToIKzzpapP5c-guNbLTNn1yeIfRIun6NjgxFW0Terujlub67JTLxCLpd3k8E8Yo9_y5Wl37ds5zqBpQJEo51Z-1ZZqd_Hv4_3dbCWATW3jw551E5SgvJ3E66uXq2QvSpqV2zN9LaPqs4kBwpOq44yuqbZ3HepznL8-NXkCtpiFvsgwlRLikO1VqWvu74qbPTcBTw6SMMCwppt0mpCCu7GwwpStQe_INvpmqrWpBQ&reference_id=0&publisher=yellowpages&placement=ypwebsitesrpr&action_target=listing_website,0.0,0,"New Car Dealers, Auto Engines Installation & Exchange, Auto Repair & Service, Auto Transmission, Automobile Air Conditioning Equipment-Service & Repair",Not Listed,24 hour number:(916) 467-1685,http://www.angelosperformance@gmail.com,http://www.angelosperformance.com,Not Listed
Rally Auto Group,https://www.yellowpages.com/palmdale-ca/mip/rally-auto-group-541867399?lid=1001875553321,(844) 503-5110,"39012 Carriage Way, Palmdale, CA 93551",http://api.citygridmedia.com/content/places/v2/click?q=urVBa6moXC5S9VPyC16BYBn_NxLXMVobS_8vbcyI69_gxb4CfBJy9OKohTker_VRQUs_rkabzY8Aw-E7wg8PzxGIRE6Qeb1zffG2kRjt9wW32cq9uCECkL8wpv5bmgpnPE8soWaTRRQIyViSc_wBdrtHaRj8MW7XgWhpzRSJlWXRDTEFonxTw6LDVxLxLnv2hORlv7IOTrNkzvJIydjL0xH57dR43vvNtPO0jQQnrwJSrxuZX8sNBrtWTXRDzC97G0z611LgqzDSFkayiNnoz57XhZPwp-F6xnCqU9sdk3oHT2Ga76OwhfcHo9Tk1QQYmhX5WiAi_dWFrLadGgvKqa4BCQJgzr9K7SqLLsz4d-Z7I60L01BJLdTYFLZlDpHJJeyCM3zdehuDVxSobkC7V5jQfiH2QzFcHWUquuH0410&reference_id=0&publisher=yellowpages&placement=ypwebsitesrpr&action_target=listing_website,0.0,0,"New Car Dealers, Automobile & Truck Brokers, Automobile Leasing",North San Rafael Commercial Center,"JB Direct Cell (San Francisco Peninsula):(415) 342-5185
Janna Robertson (Central Valley):(209) 456-4863
Rich Ridenour (Central Valley):(209) 204-8908
JB Direct Fax (San Francisco Peninsula):(415) 334-3121",Not Listed,http://directsalesandlease.com,Not Listed
Huntington Beach Honda,https://www.yellowpages.com/huntington-beach-ca/mip/huntington-beach-honda-541907986?lid=1001875553202,(714) 698-4922,"17555 Beach Blvd, Huntington Beach, CA 92647",http://api.citygridmedia.com/content/places/v2/click?q=urVBa6moXC5S9VPyC16BYBn_NxLXMVobS_8vbcyI69_gxb4CfBJy9OKohTker_VRQUs_rkabzY8Aw-E7wg8PzxGIRE6Qeb1zffG2kRjt9wW32cq9uCECkL8wpv5bmgpneEjqXH-ukwx1-S27gb_Yqy9inF2yJ7SSpdeG9rpYZsrAaN7SduMZjenR-kJxvJqGJVu6XBMt2L_0Ca1cNInjxTiry92CDQW8DiLnDtFTHaxh1nEpv1X5EI4xKUVrKcTcpGwxdqhP_gfjKklCrDsLls50s6dCD3C4aarjhXLP2Y4AL9AGMz4l2bjGKsnGuNoE3H9vjAEl649dVscM9ohdlVUnXZNRxpkAitkuPPlXZkl1O7TPG0x3BmQFOS-jFbDXtGx_hQUEXCXLyPUpf8NwQldzl3hA6A_mKKQL4C9EoHU&reference_id=0&publisher=yellowpages&placement=ypwebsitesrpr&action_target=listing_website,1.0,1,New Car Dealers,San Bruno Park,"SALES:(877) 587-8635
PARTS:(888) 223-9054
SERVICE:(888) 224-0144
 :(800) 550-5005",http://www.sonicmelodytoyota@gmail.com,http://www.melodytoyota.com,Not Listed
Lincoln Memorial Congregational Church,https://www.yellowpages.com/los-angeles-ca/mip/lincoln-memorial-congregational-church-1000485,(323) 293-8535,"4126 Arlington Ave, Los Angeles, CA 90008",http://www.lincolnucc.org,0.0,0,"New Car Dealers, Attorneys, Auto Repair & Service, Consumer Law Attorneys, Lemon Law Attorneys, Transportation Law Attorneys",Not Listed,Southern California office phone number:(951) 526-2444,"http://www.info@lemonbuyback.com
http://www.Casereview@lemonbuyback.com",http://lemonbuyback.com,"https://www.yelp.com/biz/law-offices-of-jon-jacobs-rocklin-6?adjust_creative=xZR1D5sIhOfqTpbo8Ul3ow&utm_campaign=yelp_api_v3&utm_medium=api_v3_business_lookup&utm_source=xZR1D5sIhOfqTpbo8Ul3ow
https://www.bbb.org/sacramento/business-reviews/lemon-law-attorney/law-offices-of-jon-jacobs-in-rocklin-ca-47006983"
Autobahn Collision Center,https://www.yellowpages.com/north-hollywood-ca/mip/autobahn-collision-center-10008050,(818) 765-8777,"12015 Vose St, North Hollywood, CA 91605",http://www.autobahncenter.com,1.0,1,"New Car Dealers, Attorneys, Auto Repair & Service, Consumer Law Attorneys, Lemon Law Attorneys, Transportation Law Attorneys",Not Listed,Southern California office phone number:(951) 526-2444,"http://www.info@lemonbuyback.com
http://www.Casereview@lemonbuyback.com",http://lemonbuyback.com,"https://www.yelp.com/biz/law-offices-of-jon-jacobs-rocklin-6?adjust_creative=xZR1D5sIhOfqTpbo8Ul3ow&utm_campaign=yelp_api_v3&utm_medium=api_v3_business_lookup&utm_source=xZR1D5sIhOfqTpbo8Ul3ow
https://www.bbb.org/sacramento/business-reviews/lemon-law-attorney/law-offices-of-jon-jacobs-in-rocklin-ca-47006983"
Universal City Nissan,https://www.yellowpages.com/los-angeles-ca/mip/universal-city-nissan-1001343,(818) 769-8100,"3550 Cahuenga Blvd W, Los Angeles, CA 90068",http://www.universalcitynissan.com,3.5,7,"New Car Dealers, Auto Repair & Service, Automobile Parts & Supplies, New Truck Dealers, Used Car Dealers",El Cajon,Phone:(619) 579-8888,"http://www.jblake@elcajonford.com
http://www.johnd.sonus24@gmail.com
http://www.service@elcajonford.com
http://www.mmcguigan@elcajonford.com
http://www.pleader@elcajonford.com","http://www.elcajonford.com
http://www.elcajonmotors.com
http://elcajonmotors.dealerconnection.com/service",https://www.facebook.com/ElCajonFord
WW 168 Investment,https://www.yellowpages.com/rosemead-ca/mip/ww-168-investment-10017354,(626) 573-8770,"8038 Garvey Ave, Rosemead, CA 91770",Not Available,0.0,0,"New Car Dealers, Air Conditioning Contractors & Systems, Air Conditioning Service & Repair, Auto Oil & Lube, Auto Repair & Service, Auto Transmission, Automobile Accessories, Automobile Air Conditioning Equipment, Automobile Diagnostic Service, Automobile Parts & Supplies, Automobile Restoration-Antique & Classic, Brake Repair, Used Car Dealers","Bay Ho, Northern San Diego"," :(858) 297-9393
 :(888) 597-9393",http://www.coventrycarssd@aol.com,http://www.coventryjaguar.com,"https://foursquare.com/v/coventry-jaguar/4e1b2329fa762e6608da3f8a
http://www.yelp.com/biz/jaguar-coventry-cars-of-san-diego-san-diego"
Otto Auto Corp,https://www.yellowpages.com/tustin-ca/mip/otto-auto-corp-10045327,(714) 508-8949,"17321 Irvine Blvd Ste 203, Tustin, CA 92780",Not Available,0.0,0,"Auto Repair & Service, Automobile Air Conditioning Equipment, Automobile Air Conditioning Equipment-Service & Repair, Automobile Diagnostic Service, Automobile Inspection Stations & Services, Automobile Parts & Supplies, Automotive Tune Up Service, New Car Dealers","South Los Altos, Central Los Altos",Phone:(650) 947-7228,"http://www.brian@alliedautoworks.com
http://www.matt@alliedautoworks.com
http://www.travis@alliedautoworks.com",http://www.alliedautoworks.com,https://www.facebook.com/pages/allied-auto-works/137478616262725
El Uruapan Auto Sales,https://www.yellowpages.com/ventura-ca/mip/el-uruapan-auto-sales-10051549,(805) 641-3040,"2090 E Thompson Blvd, Ventura, CA 93001",Not Available,0.0,0,New Car Dealers,Burlingame Gardens,Not Listed,"http://www.sales@rectormotors.com
http://www.jhannay@rectormotors.com
http://www.acecil@rectormotors.com
http://www.gsheppard@rectormotors.com",http://www.rectormotors.com,"https://www.facebook.com/pages/rector-motor-car-company/145772582125446
http://twitter.com/audi
https://www.linkedin.com/company/trademotion
http://www.yelp.com/biz/rector-audi-burlingame-4
http://plus.google.com/local/burlingame,%20california/s/rector%20motor%20car%20company"
Union Auto Inc,https://www.yellowpages.com/los-angeles-ca/mip/union-auto-inc-10082084,(323) 255-7281,"4852 York Blvd, Los Angeles, CA 90042",Not Available,0.0,0,"New Car Dealers, Auto Repair & Service, Automobile Body Repairing & Painting, Automobile Body Shop Equipment & Supplies, Automobile Parts & Supplies, Automobile Repairing & Service-Equipment & Supplies, Emission Repair-Automobile & Truck, Glass-Auto, Plate, Window, Etc, New Truck Dealers, Truck Body Repair & Painting, Truck Equipment & Parts, Used Car Dealers, Used Truck Dealers, Wheels-Aligning & Balancing",Not Listed,Phone:(714) 546-1200,http://www.ranauro@aol.com,http://www.connellchevrolet.com,https://www.facebook.com/pages/connell-chevrolet/212398186996
Der Wagenmeister Volkswagen,https://www.yellowpages.com/costa-mesa-ca/mip/der-wagenmeister-volkswagen-10089143,(949) 548-5181,"716 W 16th St, Costa Mesa, CA 92627",Not Available,0.0,0,"New Car Dealers, Auto Repair & Service, Auto Transmission, Automobile Accessories, Automobile Parts & Supplies, Automobile Parts, Supplies & Accessories-Wholesale & Manufacturers, Used Car Dealers",Alhambra,TollFree:(866) 432-9410,Not Listed,http://www.goudyhonda.com,Not Listed
Rolls-Royce of Newport Beach Service and Parts,https://www.yellowpages.com/costa-mesa-ca/mip/rolls-royce-of-newport-beach-service-and-parts-1009,(949) 270-1000,"720 W 17th St, Costa Mesa, CA 92627",Not Available,0.0,0,"New Car Dealers, Alternative Loans, Automobile Salvage, Financial Services, Junk Dealers, Loans, New Truck Dealers, Used Car Dealers",Florence-Graham,Not Listed,http://www.allene74@yahoo.com,http://www.californiausedcarbuyers.com,Not Listed
Wittmeier Honda,https://www.yellowpages.com/chico-ca/mip/wittmeier-honda-10095294,(530) 230-5544,"2288 Forest Ave, Chico, CA 95928",http://automobiles.honda.com/tools/dealer-locator/results.aspx?cs=2&dealer=207515,1.0,1,"New Car Dealers, Auto Repair & Service, New Truck Dealers, Used Car Dealers, Used Truck Dealers",Not Listed,Phone:(707) 462-8818,http://www.cblower@thurstonautoplaza.com,https://thurstonautoplaza.com,Not Listed
Cars Unlimited,https://www.yellowpages.com/hayward-ca/mip/cars-unlimited-10098123,(510) 537-5058,"27570 Mission Blvd, Hayward, CA 94544",http://carsunlimitedonline.com,0.0,0,"New Car Dealers, Auto Engine Rebuilding, Auto Oil & Lube, Auto Repair & Service, Automobile Air Conditioning Equipment-Service & Repair, Automobile Diagnostic Service, Brake Repair, Engine Rebuilding & Exchange","Sorrento Valley, Northern San Diego",Not Listed,Not Listed,"http://www.6dfc5110674a4fb893746b964cdd0d66.sites.yp.com
http://www.volvosaabjeeprepairsd.com",Not Listed
Opies Fine Cars,https://www.yellowpages.com/crescent-city-ca/mip/opies-fine-cars-10102344,(707) 464-1946,"520 Us Highway 101 N, Crescent City, CA 95531",Not Available,0.0,0,"New Car Dealers, Automobile & Truck Brokers, Automobile Leasing, Car Rental, Financial Services",Walnut,Phone:(909) 636-6933,http://www.windy@rsautobroker.com,https://rsautobroker.com,Not Listed
Los Reyes Auto,https://www.yellowpages.com/modesto-ca/mip/los-reyes-auto-10103039,(209) 422-3826,"2422 Crows Landing Rd, Modesto, CA 95358",http://losaltosautosales.wix.com/jdeanda,0.0,0,"Used Car Dealers, Automobile & Truck Brokers, Automobile Consultants, Automobile Salvage, Junk Dealers, New Car Dealers, Wholesale Used Car Dealers",Not Listed,Not Listed,Not Listed,http://cashforcarssandiego.net,Not Listed
Valley Ford Lincoln,https://www.yellowpages.com/hanford-ca/mip/valley-ford-lincoln-10105677,Not Listed,"455 N 11th Ave, Hanford, CA 93230",Not Available,2.0,6,"Automobile Leasing, Auto Oil & Lube, Auto Transmission, Automobile Electric Service, Automobile Manufacturers & Distributors, Automobile Parts & Supplies, Brake Repair, Lubricating Service, New Car Dealers, New Truck Dealers, Truck Service & Repair, Used Car Dealers",Not Listed,"Thurston Auto Plaza:(707) 462-8817
Parts Department:(707) 462-9707
Thurston Honda:(707) 468-9215
North State Auto Sales - Used Cars - 1961 N. State, Ukiah:(707) 462-5557
Toyota, Scion, Chevrolet Sales / Service & Repair:(800) 481-5977
Honda Sales - 2900 N. State St., Ukiah:(800) 287-6727","http://www.thurstnj@pacific.net
http://www.cthurston@enterprise.com",http://www.thurstonautoplaza.com,Not Listed
San Rafael Chrysler Plymouth Dodge,https://www.yellowpages.com/san-rafael-ca/mip/san-rafael-chrysler-plymouth-dodge-10108896,(415) 459-0310,"933 Francisco Blvd E, San Rafael, CA 94901",Not Available,0.0,0,"Brake Repair, Auto Engine Rebuilding, Auto Oil & Lube, Auto Repair & Service, Automobile Air Conditioning Equipment-Service & Repair, Automobile Diagnostic Service, Automobile Parts & Supplies, Automotive Alternators & Generators, Engine Rebuilding & Exchange, New Car Dealers","Sorrento Valley, Northern San Diego",Not Listed,Not Listed,http://www.volvosaabjeeprepairsd.com,Not Listed
Motor Cars Classics,https://www.yellowpages.com/tulare-ca/mip/motor-cars-classics-10115470,(559) 687-1974,"150 N K St, Tulare, CA 93274",http://motorcarsinc.net,0.0,0,"Boat Equipment & Supplies, Boat Dealers, Boat Maintenance & Repair, Marine Equipment & Supplies, New Car Dealers",Not Listed,Not Listed,http://www.sales@johnson-marine.com,http://www.johnson-marine.com,https://www.facebook.com/johnsonmarinesupplies
California Auto Group,https://www.yellowpages.com/stockton-ca/mip/california-auto-group-10118693,(209) 466-1433,"1615 S Mariposa Rd, Stockton, CA 95205",Not Available,0.0,0,"Automobile Performance, Racing & Sports Car Equipment, Auto Racing, Automobile Racing & Sports Cars, Major Appliances, New Car Dealers",Cherryland,Not Listed,http://www.ricecars@aol.com,http://www.ricecars.com,Not Listed
Saigon Auto Sales,https://www.yellowpages.com/garden-grove-ca/mip/saigon-auto-sales-10121452,(714) 638-0041,"9055 Garden Grove Blvd, Garden Grove, CA 92844",Not Available,0.0,0,"Automobile Parts & Supplies, Automobile Accessories, Automobile Parts & Supplies-Used & Rebuilt-Wholesale & Manufacturers, New Car Dealers, Recreational Vehicles & Campers, Trailer Equipment & Parts, Trailer Hitches, Transport Trailers, Transportation Services, Truck Accessories, Truck Caps, Shells & Liners, Truck Equipment & Parts, Truck Equipment, Parts & Accessories-Wholesale & Manufacturers, Used & Rebuilt Auto Parts",Not Listed,Not Listed,Not Listed,Not Listed,http://www.facebook.com/tapstruck
Hwy 62 Motors,https://www.yellowpages.com/yucca-valley-ca/mip/hwy-62-motors-10122077,(760) 853-0315,"56222 29 Palms Hwy, Yucca Valley, CA 92284",Not Available,5.0,1,"New Car Dealers, Auto Repair & Service, New Truck Dealers, Used Car Dealers, Used Truck Dealers",Not Listed,Not Listed,"http://www.sales@corningford.com
http://www.corningford@inreach.com
http://www.bneaton@sbcglobal.net
http://www.psutfin@corningford.com
http://www.slowery@corningford.com","http://www.corningford.com
https://www.corningford.com",Not Listed
Lincoln,https://www.yellowpages.com/los-angeles-ca/mip/lincoln-10123624,(323) 222-8717,"3112 N Main St, Los Angeles, CA 90031",Not Available,0.0,0,"Used & Rebuilt Auto Parts, Auto Repair & Service, Automobile Accessories, Automobile Parts & Supplies, Automobile Parts & Supplies-Used & Rebuilt-Wholesale & Manufacturers, Automobile Parts, Supplies & Accessories-Wholesale & Manufacturers, Automobile Salvage, Junk Dealers, New Car Dealers, Towing, Truck Wrecking","North Valley, Sun Valley",Not Listed,http://www.autowrekplace@aol.com,"http://californiaautowrecking.com
http://www.californiaautowrecking.com",Not Listed
Nino's Volvo Auto Express,https://www.yellowpages.com/santa-monica-ca/mip/ninos-volvo-auto-express-10155763,(310) 450-2299,"2228 Pico Blvd, Santa Monica, CA 90405",Not Available,0.0,0,"New Car Dealers, Auto Oil & Lube, Auto Racing, Auto Repair & Service, Automobile Leasing, Automobile Parts & Supplies, Automobile Performance, Racing & Sports Car Equipment, Automobile Racing & Sports Cars, Car Rental, Financial Services, Loans, Tire Dealers, Used Car Dealers",Not Listed,Not Listed,Not Listed,"http://www.steveschevroletchowchilla.com
https://www.steveschevroletchowchilla.com",Not Listed
Tts Auto,https://www.yellowpages.com/sacramento-ca/mip/tts-auto-1015651,(916) 489-2023,"3409 Fulton Ave, Sacramento, CA 95821",Not Available,0.0,0,"New Car Dealers, New Truck Dealers, Used Car Dealers, Used Truck Dealers",Not Listed,Not Listed,"http://www.Sanderson@wcsandersonford.com
http://www.trevor.sanderson@vbbn.com
http://www.tsanderson@vbbn.com
http://www.mstewart@vbbn.com",http://www.wcsandersonford.com,Not Listed
Tom Hillier Ford,https://www.yellowpages.com/escalon-ca/mip/tom-hillier-ford-10156624,(209) 838-3535,"3000 McHenry Ave, Escalon, CA 95320",http://tomhillierford.com,5.0,1,"Auto Repair & Service, Air Conditioning Contractors & Systems, Air Conditioning Service & Repair, Auto Oil & Lube, Auto Transmission, Automobile Air Conditioning Equipment, Automobile Body Repairing & Painting, Automobile Parts & Supplies, Brake Repair, Engine Rebuilding & Exchange, Mediterranean Restaurants, New Car Dealers, Radiators Automotive Sales & Service, Restaurants, Seafood Restaurants, Towing",Not Listed,Not Listed,http://www.gabrielm1954@yahoo.com,"http://www.gabrielsautoca.com
https://gabrielsautoca.com",https://www.facebook.com/GabrielsAutomotiveAndCollision
Cadillac Designs,https://www.yellowpages.com/santa-cruz-ca/mip/cadillac-designs-10167261,(831) 420-0121,"2301 Branciforte Dr, Santa Cruz, CA 95065",http://cadillacdesigns.com,0.0,0,"New Car Dealers, Auto Repair & Service, Automobile Manufacturers & Distributors, Automobile Parts & Supplies, New Truck Dealers, Used & Rebuilt Auto Parts, Used Car Dealers",Turlock,Not Listed,"http://www.mbonander@bonanderauto.com
http://www.quest_73@hotmail.com
http://www.petem@bonanderauto.com",http://www.bonanderBuickgmc.com,Not Listed
Lasher's Downtown Volkswagen Service Center,https://www.yellowpages.com/sacramento-ca/mip/lashers-downtown-volkswagen-service-center-1016978,(916) 441-2761,"925 S St, Sacramento, CA 95811",http://www.weslashervw.com,0.0,0,"Service Station Equipment & Supplies, Automobile Body Shop Equipment & Supplies, Automobile Repairing & Service-Equipment & Supplies, Compressor Repair, Compressors, Construction & Building Equipment, Forklifts & Trucks, Industrial Equipment & Supplies, Industrial Forklifts & Lift Trucks, Lifts-Automotive & Truck, Lubricating Equipment, Man Lifts, New Car Dealers","North Valley, North Hollywood West",Not Listed,http://www.dan@airdraulics.biz,http://www.airdraulicsinc.com,"https://www.facebook.com/pages/Airdraulics-Inc/111947592201633
https://www.google.com/maps/place/Airdraulics+Inc/@34.2082824,-118.4241217,17z/data=!3m1!4b1!4m5!3m4!1s0x80c296c1f7028f05:0xb314815ffb13872a!8m2!3d34.208278!4d-118.421933?hl=en"
Dow Lewis Nissan,https://www.yellowpages.com/yuba-city-ca/mip/dow-lewis-nissan-10173982,(530) 751-2766,"2800 Colusa Hwy, Yuba City, CA 95993",http://www.dowlewisbuickgmc.com,0.0,0,"New Car Dealers, Auto Repair & Service, Automobile Accessories, Automobile Parts & Supplies, New Truck Dealers, Used Car Dealers, Used Truck Dealers",Not Listed,Not Listed,http://www.teamnissan@teamnissandirect.com,http://www.teamnissandirect.com,"https://facebook.com/teamnissanoxnard
teamnissanofoxnard
TeamNissanCA"
Reliable Transportation,https://www.yellowpages.com/vernon-ca/mip/reliable-transportation-10176422,(323) 813-0120,"2043 Ross St, Vernon, CA 90058",http://www.reliable-transportation.com,0.0,0,"New Car Dealers, Auto Oil & Lube, Auto Repair & Service, Automobile Diagnostic Service, Automobile Inspection Stations & Services, Automobile Parts & Supplies, Brake Repair, Mufflers & Exhaust Systems, Tire Dealers, Wheel Alignment-Frame & Axle Servicing-Automotive, Wheels","Downtown Campbell, Central Campbell",TollFree:(800) 367-3872,Not Listed,http://local.firestonecompleteautocare.com/california/campbell/2120-winchester-blvd/?lw_cmp=IYP_DEX_ESS_598763,"https://www.facebook.com/FirestoneCompleteAuto
https://twitter.com/Bridgestone
https://plus.google.com/113846893490335775617"
Khm Inc,https://www.yellowpages.com/los-angeles-ca/mip/khm-inc-10179597,(213) 388-2020,"3071 W Olympic Blvd, Los Angeles, CA 90006",Not Available,0.0,0,"New Car Dealers, Auto Body Parts, Auto Repair & Service, Automobile & Truck Brokers, Automobile Body Repairing & Painting, Automobile Parts & Supplies, Automobile Salvage, Junk Dealers, Used & Rebuilt Auto Parts, Used Car Dealers, Waste Reduction","Central Alameda, South LA",Not Listed,http://www.ajp2207@gmail.com,https://www.aplusfordandchevy.com,Not Listed
Electric Car Sales & Service,https://www.yellowpages.com/long-beach-ca/mip/electric-car-sales-service-10190456,(562) 436-6241,"3850 Cherry Ave, Long Beach, CA 90807",http://electriccarsalesandservice.com,0.0,0,"New Car Dealers, Auto Repair & Service, Automobile Body Repairing & Painting, Used Car Dealers",Not Listed,Not Listed,"http://www.slowery@corningford.com
http://www.psutfin@corningford.com",http://www.redbluffdodgechryslerjeepram.com,Not Listed
Professional Leasing,https://www.yellowpages.com/redwood-city-ca/mip/professional-leasing-10191943,(650) 361-8838,"260 Main St, Redwood City, CA 94063",Not Available,0.0,0,"New Car Dealers, New Truck Dealers",Not Listed,Not Listed,"http://www.sales@corningford.com
http://www.slowery@corningford.com",http://www.corningford.com,https://www.facebook.com/CorningFord/timeline
De Anza Porsche,https://www.yellowpages.com/riverside-ca/mip/de-anza-porsche-10194323,(909) 824-2150,"3150 Adams St, Riverside, CA 92504",Not Available,0.0,0,,,,,,
